速度与激情8 The Fate of the Furious,7.1,F·加里·格雷,范·迪塞尔 / 道恩·强森 / 查理兹·塞隆,动作 / 犯罪,美国,2017,267105,2017年4月14日,进口分账
捉妖记,6.7,许诚毅,白百何 / 井柏然 / 姜武,喜剧 / 奇幻 / 古装,中国大陆/香港,2015,243817,2015年7月16日,国产（合拍）
速度与激情7 Furious 7,8.3,温子仁,范·迪塞尔 / 保罗·沃克 / 杰森·斯坦森,动作 / 犯罪 / 惊悚,美国/中国大陆/日本,2015,241600,2015年4月12日,进口分账
复仇者联盟3：无限战争 Avengers: Infinity War,8.4,安东尼·罗素 / 乔·罗素,小罗伯特·唐尼 / 克里斯·海姆斯沃斯 / 克里斯·埃文斯,动作 / 科幻 / 奇幻 / 冒险,美国,2018,227772,2018年5月11日,进口分账（上映中……）
捉妖记2,5.0,许诚毅,梁朝伟 / 白百何 / 井柏然,喜剧 / 奇幻,中国大陆/香港,2018,223666,2018年2月16日,国产（合拍）
羞羞的铁拳,7.0,宋阳 / 张吃鱼,艾伦 / 马丽 / 沈腾,喜剧 / 奇幻,中国大陆,2017,221347,2017年09月30日,国产
变形金刚4：绝迹重生 Transformers: Age of Extinction,6.5,迈克尔·贝,马克·沃尔伯格 / 斯坦利·图齐 / 凯尔希·格兰莫,动作 / 科幻,美国/中国大陆,2014,197630,2014年6月27日,进口分账
前任3：再见前任,5.7,田羽生,韩庚 / 郑恺 / 于文文,喜剧 / 爱情,中国大陆,2017,194050,2017年12月29日,国产
功夫瑜伽,5.0,唐季礼,成龙 / 李治廷 / 张艺兴,喜剧 / 动作 / 冒险,中国大陆/印度,2017,175259,2017年1月28日,国产（合拍）
寻龙诀,7.5,乌尔善,陈坤 / 黄渤 / 舒淇,剧情 / 动作 / 奇幻 / 冒险,中国大陆/香港,2015,168036,2015年12月18日,国产
西游伏妖篇,5.5,徐克,吴亦凡 / 林更新 / 姚晨,喜剧 / 动作 / 奇幻 / 古装,中国大陆/香港,2017,165593,2017年1月28日,国产（合拍）
港囧,5.6,徐峥,徐峥 / 赵薇 / 包贝尔,喜剧,中国大陆,2015,161183,2015年9月25日,国产
变形金刚5：最后的骑士 Transformers: The Last Knight,5.0,迈克尔·贝,马克·沃尔伯格 / 伊莎贝拉·莫奈 / 劳拉·哈德克,动作 / 科幻,美国,2017,155126,2017年06月23日,进口分账
疯狂动物城 Zootopia,9.1,拜伦·霍华德 / 瑞奇·摩尔 / 杰拉德·布什,金妮弗·古德温 / 杰森·贝特曼 / 伊德里斯·艾尔巴,喜剧 / 动画 / 冒险,美国,2016,153061,2016年3月4日,进口分账
魔兽 Warcraft,7.7,邓肯·琼斯,崔维斯·费米尔 / 托比·凯贝尔 / 宝拉·巴顿,动作 / 奇幻 / 冒险,美国/中国大陆/加拿大/日本,2016,147194,2016年6月8日,进口分账
夏洛特烦恼,7.4,闫非 / 彭大魔,沈腾 / 马丽 / 尹正,喜剧 / 爱情,中国大陆,2015,144905,2015年9月30日,国产
复仇者联盟2：奥创纪元 Avengers: Age of Ultron,7.2,乔斯·韦登,小罗伯特·唐尼 / 克里斯·海姆斯沃斯 / 马克·鲁弗洛,动作 / 科幻 / 奇幻 / 冒险,美国,2015,142970,2015年5月12日,进口分账
芳华,7.8,冯小刚,黄轩 / 苗苗 / 钟楚曦,剧情 / 历史 / 战争,中国大陆,2017,142242,2017年12月15日,国产
头号玩家 Ready Player One,8.8,史蒂文·斯皮尔伯格,泰伊·谢里丹 /  奥利维亚·库克 / 本·门德尔森,动作 / 科幻 / 冒险,美国,2018,139533,2018年3月30日,进口分账
阿凡达 Avatar,8.6,詹姆斯·卡梅隆,萨姆·沃辛顿 / 佐伊·索尔达娜 / 西格妮·韦弗,动作 / 战争 / 科幻 / 冒险,美国/英国,2009,138249,2010年1月4日,进口分账
侏罗纪世界 Jurassic World,7.6,科林·特雷沃罗,克里斯·帕拉特 / 布莱丝·达拉斯·霍华德 / 文森特·多诺费奥,动作 / 科幻 / 冒险,美国/中国大陆,2015,138089,2015年6月10日,进口分账
后来的我们,5.8,刘若英,井柏然 / 周冬雨 / 田壮壮,剧情 / 爱情,中国大陆,2018,135531,2018年4月28日,国产（上映中……）
摔跤吧！爸爸 Dangal,9.1,涅提·蒂瓦里,阿米尔·汗 / 法缇玛·萨那·纱卡 / 桑亚·玛荷塔,剧情 / 传记 / 运动 / 家庭,印度,2016,129926,2017年05月05日,进口
人再囧途之泰囧,7.4,徐峥,徐峥 / 王宝强 / 黄渤,喜剧,中国大陆,2012,126739,2012年12月12日,国产
西游降魔篇,7.1,周星驰 / 郭子健,文章 / 舒淇 / 黄渤,喜剧 / 奇幻 / 冒险,中国大陆/香港,2013,124644,2013年2月10日,国产
美国队长3 Captain America: Civil War,7.7,安东尼·罗素 / 乔·罗素,克里斯·埃文斯 / 小罗伯特·唐尼 / 斯嘉丽·约翰逊,动作 / 科幻 / 冒险,美国,2016,124620,2016年5月6日,进口分账
寻梦环游记 Coco,9.1,李·昂克里奇 / 阿德里安·莫利纳,安东尼·冈萨雷斯 / 盖尔·加西亚·贝纳尔 / 本杰明·布拉特,喜剧 / 动画 / 奇幻 / 音乐,美国,2017,121184,2017年11月24日,进口分账
西游记之孙悟空三打白骨精,5.6,郑保瑞,郭富城 / 巩俐 / 冯绍峰,喜剧 / 动作 / 奇幻,中国大陆/香港,2016,120180,2016年2月8日,国产
湄公河行动,8.0,林超贤,张涵予 / 彭于晏 / 孙淳,动作 / 犯罪,中国大陆/香港,2016,118521,2016年9月30日,国产（合拍）
加勒比海盗5：死无对证 Pirates of the Caribbean: Dead Men Tell No Tales,7.3,艾斯彭·山德伯格 / 乔阿吉姆·罗恩尼,约翰尼·德普 / 哈维尔·巴登 / 杰弗里·拉什,动作 / 奇幻 / 冒险,美国,2017,118008,2017年05月26日,进口分账
长城 The Great Wall,5.1,张艺谋,马特·达蒙 / 景甜 / 佩德罗·帕斯卡,动作 / 奇幻 / 冒险,中国大陆/美国,2016,117452,2016年12月16日,国产（合拍）
心花路放,7.0,宁浩,黄渤 / 徐峥 / 袁泉,喜剧 / 爱情,中国大陆,2014,117020,2014年9月30日,国产
金刚：骷髅岛 Kong: Skull Island,6.6,乔丹·沃格特-罗伯茨,汤姆·希德勒斯顿 / 布丽·拉尔森 / 塞缪尔·杰克逊,动作 / 奇幻 / 冒险,美国/中国大陆/澳大利亚/加拿大,2017,116050,2017年03月24日,进口分账
煎饼侠,5.9,大鹏,大鹏 / 袁姗姗 / 柳岩,喜剧,中国大陆,2015,115954,2015年7月17日,国产
极限特工3：终极回归 xXx: Return of Xander Cage,5.7,D·J·卡卢索,范·迪塞尔 / 甄子丹 / 迪皮卡·帕度柯妮,动作 / 冒险,美国,2017,112742,2017年1月20日,进口分账
澳门风云3 賭城風雲III,3.9,王晶 / 刘伟强,周润发 / 刘德华 / 张家辉,喜剧 / 动作,香港/中国大陆,2016,111880,2016年2月8日,国产（合拍）
生化危机：终章 Resident Evil: The Final Chapter,6.6,保罗·安德森,米拉·乔沃维奇 / 伊恩·格雷 / 艾丽·拉特,动作 / 科幻 / 恐怖,美国,2016,111182,2017年02月24日,进口
变形金刚3 Transformers: Dark of the Moon,7.0,迈克尔·贝,希亚·拉博夫 / 罗茜·汉丁顿-惠特莉 / 乔什·杜哈明,动作 / 科幻,美国,2011,108080,2011年7月21日,进口分账
乘风破浪,6.8,韩寒,邓超 / 彭于晏 / 赵丽颖,剧情 / 喜剧,中国大陆,2017,104852,2017年1月28日,国产
神偷奶爸3 Despicable Me 3,6.9,凯尔·巴尔达 / 皮埃尔·柯芬 / 埃里克·吉隆,史蒂夫·卡瑞尔 / 克里斯汀·韦格 / 崔·帕克,喜剧 / 动画 / 冒险,美国,2017,103787,2017年07月07日,进口分账
盗墓笔记,4.7,李仁港,井柏然 / 鹿晗 / 马思纯,悬疑 / 奇幻 / 冒险,中国大陆,2016,100426,2016年8月4日20点起,国产
功夫熊猫3 Kung Fu Panda 3,7.6,吕寅荣 / 亚历山德罗·卡罗尼,杰克·布莱克 / 布莱恩·科兰斯顿 / 达斯汀·霍夫曼,喜剧 / 动作 / 动画 / 冒险,美国/中国大陆,2016,100262,2016年1月29日,国产
西游记之大闹天宫,4.1,郑保瑞,甄子丹 / 周润发 / 郭富城,动作 / 奇幻,中国大陆/香港,2014,104467,2014年1月31日,国产
狂暴巨兽 Rampage,6.8,布拉德·佩顿,道恩·强森 / 娜奥米·哈里斯 / 杰弗里·迪恩·摩根,动作 / 科幻 / 冒险,美国,2018,99518,2018年4月13日,进口分账（上映中……）
奇幻森林 The Jungle Book,7.8,乔恩·费儒,尼尔·塞西 / 比尔·默瑞 / 本·金斯利,剧情 / 奇幻 / 冒险,美国,2016,97907,2016年4月15日,进口分账
澳门风云2 賭城風雲II,5.5,王晶 / 张敏,周润发 / 张家辉 / 刘嘉玲,喜剧 / 动作,香港/中国大陆,2015,97412,2015年2月19日,国产（合拍）
西游记之大圣归来,8.2,田晓鹏,张磊 / 林子杰 / 吴文伦,喜剧 / 动作 / 动画 / 奇幻,中国大陆,2015,95525,2015年7月10日（7月4日-5日全国点映）,国产
老炮儿,7.9,管虎,冯小刚 / 许晴 / 张涵予,剧情 / 犯罪,中国大陆,2015,90131,2015年12月24日,国产
智取威虎山,7.7,徐克,张涵予 / 梁家辉 / 林更新,动作 / 战争 / 冒险,中国大陆/香港,2014,89983,2014年12月23日（17点起）,国产（合拍）
绝地逃亡 Skiptrace,5.5,雷尼·哈林,成龙 / 范冰冰 / 约翰尼·诺克斯维尔,喜剧 / 动作,中国大陆/美国/香港,2016,88873,2016年7月21日,国产（合拍）
十二生肖,6.6,成龙,成龙 / 权相宇 / 廖凡,喜剧 / 动作 / 冒险,中国大陆/香港,2012,88110,2012年12月20日,国产（合拍）
碟中谍5：神秘国度 Mission: Impossible - Rogue Nation,7.7,克里斯托弗·麦奎里,汤姆·克鲁斯 / 杰瑞米·雷纳 / 西蒙·佩吉,动作 / 惊悚 / 冒险,美国/香港/中国大陆,2015,85557,2015年9月8日,进口分账
星球大战7：原力觉醒 Star Wars: The Force Awakens,7.1,J·J·艾布拉姆斯,黛西·雷德利 / 约翰·博耶加 / 哈里森·福特,动作 / 科幻 / 冒险,美国,2015,82551,2016年1月9日,进口分账
唐人街探案,7.5,陈思诚,王宝强 / 刘昊然 / 佟丽娅,喜剧 / 动作 / 悬疑,中国大陆,2015,82221,2015年12月31日（18点起）,国产
从你的全世界路过,5.3,张一白,邓超 / 白百何 / 杨洋,喜剧 / 爱情,中国大陆,2016,81258,2016年9月29日,国产
X战警：天启 X-Men: Apocalypse,7.7,布莱恩·辛格,詹姆斯·麦卡沃伊 / 迈克尔·法斯宾德 / 詹妮弗·劳伦斯,动作 / 科幻 / 奇幻 / 冒险,美国,2016,80268,2016年6月3日,进口分账
北京遇上西雅图之不二情书,6.5,薛晓路,汤唯 / 吴秀波 / 惠英红,喜剧 / 爱情,中国大陆/香港,2016,78578,2016年4月29日12点起,国产
蜘蛛侠：英雄归来 Spider-Man: Homecoming,7.4,乔·沃茨,汤姆·赫兰德 / 小罗伯特·唐尼 / 玛丽莎·托梅,动作 / 科幻 / 冒险,美国,2017,77475,2017年09月08日,进口分账
叶问3,6.3,叶伟信,甄子丹 / 迈克·泰森 / 张晋,剧情 / 传记 / 动作 / 历史,中国大陆/香港,2015,77117,2016年3月4日,国产
霍比特人3：五军之战 The Hobbit: The Battle of the Five Armies,8.2,彼得·杰克逊,马丁·弗瑞曼 / 伊恩·麦克莱恩 / 理查德·阿米蒂奇,动作 / 奇幻 / 冒险,美国/新西兰,2014,76681,2015年1月23日,进口特种
大闹天竺,3.8,王宝强,王宝强 / 白客 / 岳云鹏,喜剧 / 动作 / 冒险,中国大陆,2017,75793,2017年1月28日,国产
钢铁侠3 Iron Man 3,7.6,沙恩·布莱克,小罗伯特·唐尼 / 盖·皮尔斯 / 格温妮斯·帕特洛,动作 / 科幻,美国/中国大陆,2013,75540,2013年5月1日,进口
星际穿越 Interstellar,9.2,克里斯托弗·诺兰,马修·麦康纳 / 安妮·海瑟薇 / 杰西卡·查斯坦,剧情 / 科幻 / 冒险,美国/英国/加拿大/冰岛,2014,75512,2014年11月12日,进口分账
无问西东,7.7,李芳芳,章子怡 / 黄晓明 / 张震,剧情 / 爱情 / 战争,中国大陆,2018,75390,2018年1月12日,国产
奇异博士 Doctor Strange,7.6,斯科特·德瑞克森,本尼迪克特·康伯巴奇 / 蒂尔达·斯文顿 / 麦斯·米科尔森,动作 / 奇幻 / 冒险,美国,2016,75152,2016年11月4日,进口分账
神秘巨星 Secret Superstar,7.8,阿德瓦·香登,塞伊拉·沃西 / 梅·维贾 / 阿米尔·汗,剧情 / 音乐,印度,2017,74663,2018年1月19日,进口分账
雷神3：诸神黄昏 Thor: Ragnarok,7.5,塔伊加·维迪提,克里斯·海姆斯沃斯 / 汤姆·希德勒斯顿 / 凯特·布兰切特,动作 / 奇幻 / 冒险,美国,2017,74371,2017年11月03日,进口分账
天将雄师,5.9,李仁港,成龙 / 约翰·库萨克 / 艾德里安·布洛迪,动作 / 战争 / 古装,中国大陆/香港,2015,74355,2015年2月19日,国产（合拍）
猩球崛起3：终极之战 War for the Planet of the Apes,6.9,马特·里夫斯,安迪·瑟金斯 / 伍迪·哈里森 / 史蒂夫·茨恩,剧情 / 动作 / 科幻,美国,2017,73978,2017年09月15日,进口分账
金刚狼3：殊死一战 Logan,8.3,詹姆斯·曼高德,休·杰克曼 / 帕特里克·斯图尔特 / 达芙妮·基恩,剧情 / 动作 / 科幻,美国,2017,73164,2017年03月03日,进口分账
西游记女儿国,4.5,郑保瑞,郭富城 / 冯绍峰 / 赵丽颖,喜剧 / 爱情 / 奇幻,中国大陆/香港,2018,72721,2018年2月16日,国产（合拍）
X战警：逆转未来 X-Men: Days of Future Past,8.2,布莱恩·辛格,休·杰克曼 / 詹姆斯·麦卡沃伊 / 迈克尔·法斯宾德,动作 / 科幻 / 冒险,美国/英国,2014,72468,2014年5月23日,进口分账
超时空同居,7.2,苏伦,雷佳音 / 佟丽娅 / 张衣,喜剧 / 奇幻,中国大陆,2018,72382,2018年5月18日,国产（上映中……）
美国队长2 Captain America: The Winter Soldier,7.9,安东尼·罗素 / 乔·罗素,克里斯·埃文斯 / 斯嘉丽·约翰逊 / 塞巴斯蒂安·斯坦,动作 / 科幻 / 冒险,美国,2014,72165,2014年4月4日,进口分账
致我们终将逝去的青春,6.6,赵薇,杨子姗 / 赵又廷 / 韩庚,剧情 / 爱情,中国大陆,2013,71902,2013年4月26日,国产
私人订制,5.6,冯小刚,葛优 / 白百何 / 李小璐,喜剧,中国大陆,2013,71680,2013年12月18日22点,国产
终结者：创世纪 Terminator Genisys,6.9,阿兰·泰勒,阿诺·施瓦辛格 / 杰森·克拉克 / 艾米莉亚·克拉克,动作 / 科幻 / 冒险,美国,2015,70928,2015年8月23日,进口分账
猩球崛起2：黎明之战 Dawn of the Planet of the Apes,7.5,马特·里夫斯,安迪·瑟金斯 / 杰森·克拉克 / 加里·奥德曼,剧情 / 动作 / 科幻,美国,2014,70558,2014年8月29日,进口分账
画皮2 畫皮Ⅱ,5.9,乌尔善,周迅 / 赵薇 / 陈坤,剧情 / 爱情 / 奇幻 / 惊悚,中国大陆/香港,2012,70316,2012年6月28日,国产
狼图腾,6.9,让-雅克·阿诺,冯绍峰 / 窦骁 / 昂哈妮玛,剧情 / 冒险,中国大陆/法国,2015,69942,2015年2月19日（2月13日18点起点映）,国产（合拍）
铁道飞虎,5.3,丁晟,成龙 / 黄子韬 / 王凯,喜剧 / 动作,中国大陆,2016,69906,2016年12月23日,国产
悟空传,5.1,郭子健,彭于晏 / 倪妮 / 余文乐,剧情 / 动作 / 奇幻,中国大陆,2017,69660,2017年07月13日,国产
爸爸去哪儿,6.0,谢涤葵 / 林妍,林志颖 / 小小志 / 王岳伦,儿童 / 喜剧 / 家庭,中国大陆,2014,69590,2014年1月31日,国产
环太平洋 Pacific Rim,7.6,吉尔莫·德尔·托罗,查理·汉纳姆 / 菊地凛子 / 伊德里斯·艾尔巴,动作 / 科幻 / 冒险,美国,2013,69583,2013年7月31日,进口分账
正义联盟 Justice League,6.6,扎克·施奈德,本·阿弗莱克 / 亨利·卡维尔 / 盖尔·加朵,动作 / 科幻 / 奇幻 / 冒险,美国,2017,69052,2017年11月17日,进口分账
银河护卫队2 Guardians of the Galaxy Vol. 2,8.1,詹姆斯·古恩,克里斯·帕拉特 / 佐伊·索尔达娜 / 戴夫·巴蒂斯塔,动作 / 科幻 / 冒险,美国,2017,68615,2017年05月05日,进口分账
九层妖塔,4.2,陆川,赵又廷 / 姚晨 / 凤小岳,动作 / 惊悚 / 冒险,中国大陆,2015,68152,2015年9月30日,国产
寒战2 寒戰II,6.9,梁乐民 / 陆剑青,郭富城 / 梁家辉 / 杨采妮,剧情 / 动作 / 犯罪,中国大陆/香港,2016,67866,2016年7月8日,国产（合拍）
碟中谍4 Mission: Impossible - Ghost Protocol,8.2,布拉德·伯德,汤姆·克鲁斯 / 杰瑞米·雷纳 / 西蒙·佩吉,动作 / 惊悚 / 冒险,美国,2011,67471,2012年1月28日,进口分账
唐山大地震,7.5,冯小刚,徐帆 / 张静初 / 李晨,剧情 / 历史 / 灾难,中国大陆/香港,2010,67332,2010年7月22日,国产（合拍）
分手大师,5.0,俞白眉 / 邓超,邓超 / 杨幂 / 古力娜扎,喜剧 / 爱情,中国大陆,2014,66666,2014年6月26日（18点）,国产
黑豹 Black Panther,6.6,瑞恩·库格勒,查德维克·博斯曼 / 露皮塔·尼永奥 / 迈克尔·B·乔丹,动作 / 科幻 / 冒险,美国,2018,66226,2018年3月9日,进口分账
蚁人 Ant-Man,7.6,佩顿·里德,保罗·路德 / 迈克尔·道格拉斯 / 伊万杰琳·莉莉,动作 / 科幻 / 冒险,美国,2015,65970,2015年10月16日,进口分账
让子弹飞,8.7,姜文,姜文 / 葛优 / 周润发,剧情 / 喜剧 / 动作 / 西部,中国大陆/香港,2010,65928,2010年12月16日,国产（合拍）
情圣,6.1,宋晓飞  / 董旭,肖央 / 闫妮 / 小沈阳,喜剧,中国大陆,2016,65861,2016年12月29日18点,国产
恶棍天使,4.0,俞白眉 / 邓超,邓超 / 孙俪 / 代乐乐,喜剧,中国大陆,2015,64892,2015年12月24日,国产
惊天魔盗团2 Now You See Me 2,6.5,朱浩伟,杰西·艾森伯格 / 马克·鲁弗洛 / 伍迪·哈里森,剧情 / 犯罪 / 悬疑,美国,2016,63760,2016年6月24日,进口
环太平洋：雷霆再起 Pacific Rim: Uprising,5.7,斯蒂文·S·迪奈特,约翰·博耶加 / 斯科特·伊斯特伍德 / 卡莉·史派妮,动作 / 科幻 / 冒险,美国/中国大陆,2018,63265,2018年3月23日,进口分账
后会无期,7.1,韩寒,冯绍峰 / 陈柏霖 / 钟汉良,剧情,中国大陆,2014,62982,2014年7月24日,国产
新木乃伊 The Mummy,4.8,艾里克斯·库兹曼,汤姆·克鲁斯 / 罗素·克劳 / 安娜贝拉·沃丽丝,动作 / 奇幻 / 冒险,美国,2017,62564,2017年06月09日,进口分账
蝙蝠侠大战超人：正义黎明 Batman v Superman: Dawn of Justice,6.6,扎克·施奈德,本·阿弗莱克 / 亨利·卡维尔 / 艾米·亚当斯,动作 / 科幻 / 奇幻 / 冒险,美国,2016,61908,2016年3月25日,进口分账
末日崩塌 San Andreas,7.0,布拉德·佩顿,道恩·强森 / 亚历珊德拉·达达里奥 / 卡拉·古奇诺,动作 / 冒险 / 灾难,美国/澳大利亚,2015,61345,2015年6月2日,进口分账
功夫熊猫2 Kung Fu Panda 2,8.0,吕寅荣,杰克·布莱克 / 安吉丽娜·朱莉 / 达斯汀·霍夫曼,喜剧 / 动作 / 动画 / 冒险,美国,2011,61340,2011年5月28日,进口分账
神奇女侠 Wonder Woman,7.1,派蒂·杰金斯,盖尔·加朵 / 克里斯·派恩 / 康妮·尼尔森,动作 / 奇幻 / 冒险,美国,2017,61012,2017年06月02日,进口分账
金陵十三钗,8.0,张艺谋,克里斯蒂安·贝尔 / 倪妮 / 张歆怡,剧情 / 历史 / 战争,中国大陆/香港,2011,60923,2011年12月15日,国产
一条狗的使命 A Dog&#39;s Purpose,7.7,拉斯·霍尔斯道姆,乔什·加德 / 布丽特·罗伯森 / 丹尼斯·奎德,剧情 / 喜剧 / 家庭,美国,2017,60808,2017年03月03日,进口
使徒行者,6.7,文伟鸿,张家辉 / 古天乐 / 吴镇宇,剧情 / 动作 / 犯罪,中国大陆/香港,2016,60611,2016年8月11日,国产（合拍）
熊出没·变形记,6.9,丁亮 / 林汇达,张伟 / 张秉君 / 谭笑,喜剧 / 动画 / 冒险,中国大陆,2018,60532,2018年2月16日,国产
狄仁杰之神都龙王,6.5,徐克,赵又廷 / 冯绍峰 / 林更新,动作 / 犯罪 / 悬疑 / 古装,中国大陆/香港,2013,60273,2013年9月28日,国产
2012,7.7,罗兰·艾默里奇,约翰·库萨克 / 切瓦特·埃加福特 / 阿曼达·皮特,动作 / 科幻 / 冒险 / 灾难,美国/加拿大,2009,60223,2009年11月13日&amp;2012年11月20日（3D版重映）,进口分账
银河护卫队 Guardians of the Galaxy,8.0,詹姆斯·古恩,克里斯·帕拉特 / 佐伊·索尔达娜 / 布莱德利·库珀,动作 / 科幻 / 冒险,美国/英国,2014,59297,2014年10月10日,进口分账
神奇动物在哪里 Fantastic Beasts and Where to Find Them,7.8,大卫·叶茨,埃迪·雷德梅恩 / 凯瑟琳·沃特斯顿 / 丹·福勒,剧情 / 奇幻 / 冒险,英国/美国,2016,59170,2016年11月25日,进口分账
美女与野兽 Beauty and the Beast,7.2,比尔·康顿,艾玛·沃森 / 丹·史蒂文斯 / 卢克·伊万斯,爱情 / 奇幻 / 歌舞,美国,2017,59165,2017年03月17日,进口分账
超凡蜘蛛侠2 The Amazing Spider-Man 2,7.3,马克·韦布,安德鲁·加菲尔德 / 艾玛·斯通 / 杰米·福克斯,动作 / 科幻 / 冒险,美国,2014,59087,2014年5月4日,进口分账
火星救援 The Martian,8.4,雷德利·斯科特,马特·达蒙 / 杰西卡·查斯坦 / 克里斯汀·韦格,剧情 / 科幻 / 冒险,美国/英国,2015,57815,2015年11月25日,进口分账
追龙 追龍,7.4,王晶 / 关智耀,甄子丹 / 刘德华 / 姜皓文,动作 / 犯罪,香港/中国大陆,2017,57721,2017年09月30日,国产（合拍）
你的名字。 君の名は。,8.4,新海诚,神木隆之介 / 上白石萌音 / 长泽雅美,剧情 / 爱情 / 动画,日本,2016,57666,2016年12月2日,进口
匆匆那年,5.3,张一白,彭于晏 / 倪妮 / 郑恺,爱情,中国大陆,2014,57480,2014年12月5日,国产
少年派的奇幻漂流 Life of Pi,9.0,李安,苏拉·沙玛 / 伊尔凡·可汗 / 拉菲·斯波,剧情 / 奇幻 / 冒险,美国/台湾/英国/加拿大,2012,57105,2012年11月22日,进口分账
复仇者联盟 The Avengers,8.0,乔斯·韦登,小罗伯特·唐尼 / 克里斯·埃文斯 / 斯嘉丽·约翰逊,动作 / 科幻 / 奇幻 / 冒险,美国,2012,56792,2012年5月5日,进口分账
大鱼海棠,6.6,梁旋 / 张春,季冠霖 / 苏尚卿 / 许魏洲,剧情 / 动画 / 奇幻,中国大陆,2016,56547,2016年7月8日,国产
杀破狼2 殺破狼2,7.3,郑保瑞,吴京 / 托尼·贾 / 张晋,剧情 / 动作 / 犯罪,香港/中国大陆,2015,56013,2015年6月18日,国产（合拍）
龙门飞甲,6.7,徐克,李连杰 / 周迅 / 陈坤,动作 / 武侠 / 古装,中国大陆/香港,2011,55596,2011年12月15日,国产（合拍）
战狼,6.8,吴京,吴京 / 余男 / 斯科特·阿金斯,动作 / 战争,中国大陆,2015,54436,2015年4月2日,国产
英伦对决 The Foreigner,7.1,马丁·坎贝尔,成龙 / 皮尔斯·布鲁斯南 / 刘涛,动作 / 犯罪,英国/中国大陆,2017,53980,2017年09月30日,国产（合拍）
中国合伙人,7.6,陈可辛,黄晓明 / 邓超 / 佟大为,剧情,中国大陆/香港,2013,53922,2013年5月17日,国产（合拍）
007：幽灵党 Spectre,6.2,萨姆·门德斯,丹尼尔·克雷格 / 克里斯托弗·沃尔兹 / 蕾雅·赛杜,动作 / 惊悚 / 冒险,英国/美国,2015,53724,2015年11月13日,进口分账
警察故事2013,5.7,丁晟,成龙 / 刘烨 / 景甜,剧情 / 动作 / 犯罪,中国大陆/香港,2013,53591,2013年12月24日,国产
三生三世十里桃花,3.9,赵小丁 / 安东尼·拉默里纳拉,刘亦菲 / 杨洋 / 罗晋,爱情 / 奇幻,中国大陆,2017,53478,2017年08月03日（14:00）,国产
哆啦A梦：伴我同行 STAND BY ME ドラえもん,7.9,八木龙一 / 山崎贵,水田山葵 / 大原惠美 / 嘉数由美,剧情 / 动画,日本,2014,53411,2015年5月28日,进口
妖猫传,7.0,陈凯歌,黄轩 / 染谷将太 / 张雨绮,剧情 / 悬疑 / 奇幻 / 古装,中国大陆/日本,2017,52999,2017年12月22日,国产（合拍）
超能陆战队 Big Hero 6,8.6,唐·霍尔 / 克里斯·威廉姆斯,斯科特·安第斯 / 瑞恩·波特 / 丹尼尔·海尼,喜剧 / 动作 / 科幻 / 动画 / 冒险,美国,2014,52668,2015年2月28日,进口分账
澳门风云 賭城風雲,5.6,王晶 / 钟少雄,周润发 / 谢霆锋 / 杜汶泽,喜剧 / 动作,中国大陆/香港,2014,52496,2014年1月31日,国产
杀破狼·贪狼 殺破狼‧貪狼,7.2,叶伟信,古天乐 / 吴樾 / 托尼·贾,剧情 / 动作,香港/中国大陆,2017,52269,2017年08月17日,国产（合拍）
熊出没·奇幻空间,6.4,林永长 / 林汇达 / 丁亮,尚雯婕 / 鲍春来 / 孙建宏,儿童 / 动画,中国大陆,2017,52248,2017年1月28日,国产
小时代3：刺金时代,4.3,郭敬明,杨幂 / 柯震东 / 郭采洁,剧情 / 喜剧 / 爱情,中国大陆/台湾,2014,52245,2014年7月17日,国产
北京遇上西雅图,7.4,薛晓路,汤唯 / 吴秀波 / 海清,喜剧 / 爱情,中国大陆/香港,2013,52000,2013年3月21日,国产
一步之遥,6.3,姜文,姜文 / 葛优 / 周韵,剧情 / 喜剧 / 动作,中国大陆/美国/香港,2014,51566,2014年12月18日,国产（合拍）
愤怒的小鸟 Angry Birds,7.0,费格尔·雷利 / 克雷·卡提斯,杰森·苏戴奇斯 / 乔什·加德 / 丹尼·麦克布莱德,喜剧 / 动画 / 冒险,芬兰/美国,2016,51383,2016年5月20日,进口分账
滚蛋吧！肿瘤君,7.4,韩延,白百何 / 吴彦祖 / 李媛,喜剧 / 爱情,中国大陆,2015,51072,2015年8月13日,国产
古墓丽影：源起之战 Tomb Raider,6.2,罗阿尔·乌索格,艾丽西亚·维坎德 / 多米尼克·威斯特 / 沃尔顿·戈金斯,动作 / 冒险,美国,2018,49697,2018年3月16日,进口分账
勇敢者游戏：决战丛林 Jumanji: Welcome to the Jungle,7.0,杰克·卡斯丹,道恩·强森 / 凯文·哈特 / 杰克·布莱克,动作 / 奇幻 / 冒险,美国,2017,49166,2018年1月12日,进口分账
小时代,4.7,郭敬明,杨幂 / 柯震东 / 郭采洁,剧情 / 喜剧 / 爱情,中国大陆/台湾,2013,48814,2013年6月27日,国产
小时代4：灵魂尽头,4.6,郭敬明,杨幂 / 郭采洁 / 陈学冬,喜剧 / 爱情,中国大陆,2015,48787,2015年7月9日,国产
左耳,5.4,苏有朋,陈都灵 / 欧豪 / 马思纯,爱情,中国大陆,2015,48546,2015年4月24日,国产
王牌特工：特工学院 Kingsman: The Secret Service,8.4,马修·沃恩,塔伦·埃格顿 / 科林·费尔斯 / 塞缪尔·杰克逊,喜剧 / 动作 / 冒险,英国/美国,2015,48477,2015年3月27日,进口分账
我不是潘金莲,6.7,冯小刚,范冰冰 / 郭涛 / 大鹏,剧情 / 喜剧,中国大陆,2016,48345,2016年11月18日,国产
摆渡人,4.1,张嘉佳,梁朝伟 / 金城武 / 陈奕迅,喜剧 / 爱情,中国大陆/香港,2016,48297,2016年12月23日,国产（合拍）
哥斯拉 Godzilla,6.4,加里斯·爱德华斯,亚伦·泰勒-约翰逊 / 卡梅隆·CJ·亚当斯 / 渡边谦,动作 / 科幻 / 冒险 / 灾难,美国/日本,2014,48130,2014年6月13日,进口分账
厉害了，我的国,6.5,冯小刚,葛优 / 舒淇 / 孙红雷,喜剧 / 爱情,中国大陆,2010,47880,2010年12月22日,国产（合拍）
星球大战外传：侠盗一号 Rogue One: A Star Wars Story,7.3,加里斯·爱德华斯,菲丽希缇·琼斯 / 迭戈·卢纳 / 甄子丹,动作 / 科幻 / 冒险,美国,2016,47818,2017年1月6日,进口分账
王牌特工2：黄金圈 Kingsman: The Golden Circle,7.0,马修·沃恩,塔伦·埃格顿 / 科林·费尔斯 / 马克·斯特朗,喜剧 / 动作 / 冒险,英国/美国,2017,47427,2017年10月20日,进口分账
加勒比海盗4：惊涛怪浪 Pirates of the Caribbean: On Stranger Tides,7.5,罗伯·马歇尔,约翰尼·德普 / 佩内洛普·克鲁兹 / 杰弗里·拉什,动作 / 奇幻 / 冒险,美国,2011,47367,2011年5月20日,进口分账
霍比特人2：史矛革之战 The Hobbit: The Desolation of Smaug,8.2,彼得·杰克逊,伊恩·麦克莱恩 / 马丁·弗瑞曼 / 理查德·阿米蒂奇,动作 / 奇幻 / 冒险,美国/新西兰,2013,46343,2014年2月21日,进口分账
盗梦空间 Inception,9.3,克里斯托弗·诺兰,莱昂纳多·迪卡普里奥 / 约瑟夫·高登-莱维特 / 艾伦·佩吉,剧情 / 科幻 / 悬疑 / 冒险,美国/英国,2010,46030,2010年9月1日,进口分账
缝纫机乐队,6.7,大鹏,大鹏 / 乔杉 / 古力娜扎,喜剧 / 音乐,中国大陆,2017,45933,2017年09月29日,国产
同桌的妳,5.8,郭帆,周冬雨 / 林更新 / 隋凯,剧情 / 爱情,中国大陆,2014,45610,2014年4月25日,国产
变形金刚2 Transformers: Revenge of the Fallen,7.6,迈克尔·贝,希亚·拉博夫 / 梅根·福克斯 / 乔什·杜哈明,动作 / 科幻,美国,2009,45119,2009年6月26日,进口分账
冰川时代4 Ice Age: Continental Drift,8.0,麦克·特米尔 / 史蒂夫·马蒂诺,阿兹·安萨里 / 乔·贝哈 / 克里斯托弗·坎贝尔,喜剧 / 动画 / 冒险,美国,2012,44913,2012年7月27日,进口特种
敢死队3 The Expendables 3,6.7,帕特里克·休斯,西尔维斯特·史泰龙 / 杰森·斯坦森 / 阿诺·施瓦辛格,动作 / 惊悚 / 冒险,美国/法国,2014,44755,2014年9月1日,进口
冰川时代5：星际碰撞 Ice Age: Collision Course,6.7,麦克·特米尔 / 加仑·T·楚,西蒙·佩吉 / 洁茜J  / 杰西·泰勒·弗格森,喜剧 / 动画 / 冒险,美国,2016,44717,2016年8月23日,进口分账
谍影重重5 Jason Bourne,7.3,保罗·格林格拉斯,马特·达蒙 / 汤米·李·琼斯 / 艾丽西亚·维坎德,动作 / 悬疑 / 惊悚,美国,2016,44703,2016年8月23日,进口分账
灰姑娘 Cinderella,6.8,肯尼思·布拉纳,莉莉·詹姆斯 / 理查德·麦登 / 凯特·布兰切特,爱情 / 奇幻 / 冒险,美国/英国,2015,44558,2015年3月13日,进口分账
奔跑吧！兄弟,3.3,胡笳 / 岑俊义,杨颖 / 王宝强 / 李晨,喜剧,中国大陆,2015,44394,2015年1月30日,国产
星际迷航3：超越星辰 Star Trek Beyond,7.3,林诣彬,克里斯·派恩 / 扎克瑞·昆图 / 佐伊·索尔达娜,动作 / 科幻 / 冒险,美国,2016,44092,2016年9月2日,进口分账
全球风暴 Geostorm,6.2,迪安·德夫林,杰拉德·巴特勒 / 吉姆·斯特吉斯 / 艾比·考尼什,动作 / 科幻 / 灾难,美国,2017,43403,2017年10月27日,进口
小黄人大眼萌 Minions,7.3,凯尔·巴尔达 / 皮埃尔·柯芬,桑德拉·布洛克 / 乔恩·哈姆 / 迈克尔·基顿,喜剧 / 动画,美国,2015,43206,2015年9月13日,进口分账
地心引力 Gravity,7.8,阿方索·卡隆,桑德拉·布洛克 / 乔治·克鲁尼 / 艾德·哈里斯,科幻 / 惊悚 / 灾难,美国/英国,2013,42981,2013年11月19日,进口分账
血战钢锯岭 Hacksaw Ridge,8.7,梅尔·吉布森,安德鲁·加菲尔德 / 萨姆·沃辛顿 / 文斯·沃恩,剧情 / 传记 / 历史 / 战争,美国/澳大利亚,2016,42654,2016年12月8日,进口
建党伟业,7.7,林诣彬,范·迪塞尔 / 保罗·沃克 / 道恩·强森,动作 / 犯罪 / 惊悚,美国,2013,41384,2013年7月26日,进口分账
百团大战,4.8,宁海强 / 张玉中,唐国强 / 王伍福 / 陶泽如,历史 / 战争,中国大陆,2015,41236,2015年8月28日（8月25日-27日点映）,国产
极品飞车 Need for Speed,7.2,斯科特·沃,亚伦·保尔 / 达科塔·约翰逊 / 伊莫琴·普茨,剧情 / 动作 / 犯罪 / 惊悚,美国/菲律宾/爱尔兰/英国,2014,41195,2014年3月14日,进口分账
京城81号,4.8,叶伟民,吴镇宇 / 林心如 / 杨祐宁,剧情 / 悬疑 / 恐怖,中国大陆,2014,41184,2014年7月18日,国产
星际特工：千星之城 Valérian and the City of a Thousand Planets,7.0,吕克·贝松,戴恩·德哈恩 / 卡拉·迪瓦伊 / 克里夫·欧文,动作 / 科幻 / 冒险,法国,2017,40958,2017年08月25日,进口
钟馗伏魔：雪妖魔灵,4.2,鲍德熹 / 赵天宇,陈坤 / 李冰冰 / 赵文瑄,动作 / 爱情 / 奇幻,中国大陆/香港/美国,2015,40862,2015年2月19日,国产（合拍）
明日边缘 Edge of Tomorrow,8.0,道格·里曼,汤姆·克鲁斯 / 艾米莉·布朗特 / 布莱丹·格里森,动作 / 科幻,美国/加拿大,2014,40609,2014年6月6日,进口分账
北京爱情故事,6.1,陈思诚,梁家辉 / 刘嘉玲 / 王学兵,爱情,中国大陆,2014,40582,2014年2月13日14点,国产
建军大业,5.4,陈凯歌,王宝强 / 郭富城 / 张震,喜剧 / 动作 / 奇幻 / 冒险 / 武侠 / 古装,中国大陆/美国,2015,40071,2015年7月2日18点,国产（合拍）
拆弹专家,6.4,邱礼涛,刘德华 / 姜武 / 宋佳,动作 / 犯罪 / 悬疑,中国大陆/香港,2017,40054,2017年04月28日,国产（合拍）
嫌疑人X的献身,6.4,苏有朋,王凯 / 张鲁一 / 林心如,犯罪 / 悬疑,中国大陆,2017,40001,2017年03月31日,国产
驯龙高手2 How to Train Your Dragon 2,7.9,迪恩·德布洛斯,杰伊·巴鲁切尔 / 凯特·布兰切特 / 杰拉德·巴特勒,喜剧 / 动画 / 奇幻 / 冒险 / 家庭,美国,2014,39747,2014年8月14日,进口分账
疯狂原始人 The Croods,8.7,柯克·德·米科 / 克里斯·桑德斯,尼古拉斯·凯奇 / 艾玛·斯通 / 瑞恩·雷诺兹,喜剧 / 动画 / 冒险,美国,2013,39489,2013年4月20日,进口分账
超人：钢铁之躯 Man of Steel,6.9,扎克·施奈德,亨利·卡维尔 / 艾米·亚当斯 / 迈克尔·珊农,动作 / 科幻 / 冒险,美国/英国,2013,39464,2013年6月20日,进口分账
忍者神龟2：破影而出 Teenage Mutant Ninja Turtles: Out of the Shadows,6.3,戴夫·格林,梅根·福克斯 / 斯蒂芬·阿梅尔 / 威尔·阿奈特,喜剧 / 动作 / 科幻 / 冒险,美国/中国大陆/香港/加拿大,2016,39352,2016年7月2日,进口分账
哈利·波特与死亡圣器(下) Harry Potter and the Deathly Hallows: Part 2,8.7,大卫·叶茨,丹尼尔·雷德克里夫 / 艾玛·沃森 / 鲁伯特·格林特,剧情 / 悬疑 / 奇幻 / 冒险,美国/英国,2011,39344,2011年8月4日,进口分账
白发魔女传之明月天国,3.7,张之亮,范冰冰 / 黄晓明 / 赵文卓,动作 / 爱情 / 奇幻 / 武侠 / 古装,中国大陆/香港,2014,38971,2014年7月31日18点,国产
爱宠大机密 The Secret Life of Pets,7.5,克里斯·雷纳德 / 亚罗·切尼,路易·C·K / 艾瑞克·斯通斯崔特 / 凯文·哈特,喜剧 / 动画,美国,2016,38916,2016年8月2日,进口分账
地心历险记2：神秘岛 Journey 2: The Mysterious Island,6.2,布拉德·佩顿,道恩·强森 / 乔什·哈切森 / 迈克尔·凯恩,动作 / 科幻 / 冒险,美国,2012,38849,2012年2月10日,进口特种
爱丽丝梦游仙境2：镜中奇遇记 Alice Through the Looking Glass,6.7,詹姆斯·博宾,约翰尼·德普 / 米娅·华希科沃斯卡 / 海伦娜·伯翰·卡特,奇幻 / 冒险,美国,2016,38678,2016年5月27日,进口分账
爵迹,3.9,郭敬明,范冰冰 / 吴亦凡 / 陈学冬,动画 / 奇幻,中国大陆,2016,38304,2016年9月30日,国产（合拍）
栀子花开,4.1,何炅,李易峰 / 张慧雯 / 蒋劲夫,爱情,中国大陆,2015,37907,2015年7月10日,国产
荒野猎人 The Revenant,7.8,亚利桑德罗·冈萨雷斯·伊纳里图,莱昂纳多·迪卡普里奥 / 汤姆·哈迪 / 多姆纳尔·格里森,剧情 / 惊悚 / 冒险,美国,2015,37740,2016年3月18日,进口
007：大破天幕杀机 Skyfall,6.9,萨姆·门德斯,丹尼尔·克雷格 / 朱迪·丹奇 / 哈维尔·巴登,动作 / 惊悚 / 犯罪 / 冒险,英国/美国,2012,37678,2013年1月21日,进口分账
忍者神龟：变种时代 Teenage Mutant Ninja Turtles,6.4,乔纳森·里贝斯曼,梅根·福克斯 / 威尔·阿奈特 / 威廉·菲德内尔,喜剧 / 动作 / 科幻 / 冒险,美国,2014,37423,2014年10月31日,进口分账
一九四二,7.4,冯小刚,张国立 / 张默 / 徐帆,剧情 / 历史 / 战争 / 灾难,中国大陆,2012,37217,2012年11月29日,国产（合拍）
火锅英雄,7.2,杨庆,陈坤 / 白百何 / 秦昊,剧情 / 犯罪,中国大陆,2016,37056,2016年4月1日,国产
重返20岁,7.2,陈正道,杨子姗 / 归亚蕾 / 陈柏霖,喜剧 / 爱情 / 奇幻,中国大陆/韩国/台湾/香港,2015,36694,2015年1月8日,国产
大话西游3,3.6,刘镇伟,韩庚 / 唐嫣 / 吴京,喜剧 / 爱情 / 奇幻,中国大陆/香港,2016,36570,2016年9月14日,国产
妖铃铃,4.3,吴君如,吴君如 / 沈腾 / 岳云鹏,喜剧 / 恐怖,中国大陆,2017,36293,2017年12月29日,国产（合拍）
我的少女时代 我的少女時代,7.8,陈玉珊,宋芸桦 / 王大陆 / 李玉玺,喜剧 / 爱情,台湾,2015,36134,2015年11月19日,进口
泰坦尼克号 Titanic,9.3,詹姆斯·卡梅隆,莱昂纳多·迪卡普里奥 / 凯特·温丝莱特 / 比利·赞恩,剧情 / 爱情 / 灾难,美国,1997,35950,1998年4月3日,进口分账
幕后玩家,5.9,任鹏远,徐峥 / 王丽坤 / 王砚辉,剧情 / 犯罪 / 悬疑,中国大陆,2018,35749,2018年4月28日,国产
失恋33天,7.3,滕华涛,白百何 / 文章 / 张嘉译,剧情 / 爱情,中国大陆,2011,35608,2011年11月8日,国产
星际迷航2：暗黑无界 Star Trek Into Darkness,7.9,J·J·艾布拉姆斯,克里斯·派恩 / 扎克瑞·昆图 / 佐伊·索尔达娜,动作 / 科幻 / 冒险,美国,2013,35390,2013年5月28日,进口分账
何以笙箫默,3.6,杨文军 / 黄斌,黄晓明 / 杨幂 / 佟大为,爱情,中国大陆,2015,35348,2015年4月30日,国产
一代宗师 一代宗師,7.8,王家卫,梁朝伟 / 章子怡 / 张震,剧情,中国大陆/香港,2013,35278,2015年1月8日（终极版）|2013年1月8日,国产
侏罗纪公园 Jurassic Park,8.0,史蒂文·斯皮尔伯格,山姆·尼尔 / 劳拉·邓恩 / 杰夫·高布伦,科幻 / 惊悚 / 冒险,美国,1993,34621,2013年8月20日,进口分账
亲爱的,8.3,陈可辛,赵薇 / 黄渤 / 佟大为,剧情 / 家庭,中国大陆/香港,2014,34443,2014年9月25日18点,国产
雷神2：黑暗世界 Thor: The Dark World,7.3,阿兰·泰勒,克里斯·海姆斯沃斯 / 娜塔莉·波特曼 / 汤姆·希德勒斯顿,动作 / 奇幻 / 冒险,美国,2013,34101,2013年11月8日,进口分账
伦敦陷落 London Has Fallen,6.1,巴巴克·纳加非,杰拉德·巴特勒 / 艾伦·艾克哈特 / 摩根·弗里曼,动作 / 犯罪 / 惊悚,英国/美国/保加利亚,2016,33976,2016年4月8日,进口分账
机械师2：复活 Mechanic: Resurrection,5.7,丹尼斯·甘塞尔,杰森·斯坦森 / 杰西卡·阿尔芭 / 汤米·李·琼斯,动作 / 犯罪,法国/美国,2016,33886,2016年10月21日,进口
特种部队2：全面反击 G.I. Joe: Retaliation,6.4,朱浩伟,道恩·强森 / 布鲁斯·威利斯 / 李秉宪,动作 / 冒险,美国,2013,33803,2013年4月15日,进口分账
致青春·原来你还在这里,4.1,周拓如,吴亦凡 / 刘亦菲 / 金世佳,剧情 / 爱情,中国大陆,2016,33708,2016年7月8日,国产
敢死队2 The Expendables 2,6.8,西蒙·韦斯特,西尔维斯特·史泰龙 / 杰森·斯坦森 / 李连杰,动作 / 冒险,美国,2012,33406,2012年9月4日,进口
非诚勿扰,7.1,冯小刚,葛优 / 舒淇 / 范伟,喜剧 / 爱情,中国大陆,2008,32526,2008年12月18日,国产（合拍）
我的特工爷爷 特工爺爺,5.3,洪金宝,洪金宝 / 刘德华 / 朱雨辰,剧情 / 动作 / 冒险,香港/中国大陆,2016,32518,2016年4月1日,国产（合拍）
神偷奶爸2 Despicable Me 2,8.0,皮埃尔·柯芬 / 克里斯·雷纳德,史蒂夫·卡瑞尔 / 克里斯汀·韦格 / 本杰明·布拉特,喜剧 / 动画 / 冒险,美国,2013,32425,2014年1月10日,进口特种
博物馆奇妙夜3 Night at the Museum: Secret of the Tomb,7.0,肖恩·利维,本·斯蒂勒 / 罗宾·威廉姆斯 / 欧文·威尔逊,喜剧 / 奇幻 / 冒险,美国/英国,2014,32331,2014年1月4日,进口报关
万万没想到,5.5,易小星,白客 / 杨子姗 / 陈柏霖,喜剧 / 奇幻 / 冒险 / 古装,中国大陆,2015,32216,2015年12月18日（12月12日&amp;12月13日14-20时点映）,国产
横冲直撞好莱坞,4.4,蒂姆·肯德尔,赵薇 / 黄晓明 / 佟大为,喜剧 / 动作 / 冒险,中国大陆/香港/美国,2015,32214,2015年6月26日,国产（合拍）
赤壁(上),6.3,吴宇森,梁朝伟 / 金城武 / 张丰毅,动作 / 冒险 / 剧情 / 历史 / 战争,中国大陆/香港/台湾/日本/韩国,2008,32100,2008年7月10日,国产（合拍）
空天猎,5.1,李晨,李晨 / 范冰冰 / 王千源,剧情 / 动作 / 战争,中国大陆,2017,31900,2017年09月29日,国产
风暴 風暴,6.4,袁锦麟,刘德华 / 姚晨 / 林家栋,动作 / 犯罪,香港/中国大陆,2013,31763,2013年12月12日,国产（合拍）
霍比特人1：意外之旅 The Hobbit: An Unexpected Journey,8.2,彼得·杰克逊,伊恩·麦克莱恩 / 马丁·弗瑞曼 / 理查德·阿米蒂奇,动作 / 奇幻 / 冒险,美国/新西兰,2012,31591,2013年2月22日,进口特种
移动迷宫3：死亡解药 Maze Runner: The Death Cure,5.4,韦斯·鲍尔,迪伦·奥布莱恩 / 卡雅·斯考达里奥 / 李起弘,动作 / 科幻 / 冒险,美国,2018,31518,2018年1月26日,进口分账
机械战警 RoboCop,6.3,若泽·帕迪里亚,乔尔·金纳曼 / 加里·奥德曼 / 迈克尔·基顿,动作 / 科幻 / 犯罪,美国,2014,31493,2014年2月28日,进口分账
太空旅客 Passengers,7.0,莫滕·泰杜姆,詹妮弗·劳伦斯 / 克里斯·帕拉特 / 麦克·辛,冒险 / 科幻,美国,2016,31449,2017年1月13日,进口分账
超凡蜘蛛侠 The Amazing Spider-Man,7.2,马克·韦布,安德鲁·加菲尔德 / 艾玛·斯通 / 瑞斯·伊凡斯,动作 / 科幻 / 冒险,美国,2012,31151,2012年8月27日,进口分账
超级战舰 Battleship,6.6,彼得·博格,泰勒·克奇 / 亚历山大·斯卡斯加德 / 蕾哈娜,动作 / 科幻 / 冒险 / 灾难,美国,2012,31139,2012年4月18日,进口分账
异形：契约 Alien: Covenant,7.3,雷德利·斯科特,迈克尔·法斯宾德 / 凯瑟琳·沃特斯顿 / 比利·克鲁德普,科幻 / 恐怖,美国,2017,31117,2017年06月16日,进口分账
窃听风云3,6.2,麦兆辉 / 庄文强,刘青云 / 古天乐 / 吴彦祖,动作 / 犯罪 / 悬疑 / 惊悚,香港/中国大陆,2014,30922,2014年5月29日,国产（合拍）
泰山归来：险战丛林 The Legend of Tarzan,6.0,大卫·叶茨,亚历山大·斯卡斯加德 / 玛格特·罗比 / 塞缪尔·杰克逊,动作 / 冒险,美国/英国/加拿大,2016,30603,2016年7月19日,进口特种
机器之血,5.0,张立嘉,成龙 / 罗志祥 / 欧阳娜娜,剧情 / 动作 / 科幻,中国大陆,2017,30530,2017年12月22日,国产（合拍）
烈日灼心,7.9,曹保平,邓超 / 段奕宏 / 郭涛,剧情 / 犯罪 / 悬疑,中国大陆,2015,30429,2015年8月27日,国产
心理罪,5.1,谢东燊,廖凡 / 李易峰 / 万茜,动作 / 犯罪 / 悬疑,中国大陆,2017,30419,2017年08月11日,国产
奇门遁甲,4.5,袁和平,大鹏 / 倪妮 / 李治廷,动作 / 奇幻,中国大陆/香港,2017,29965,2017年12月14日（18点起）,国产（合拍）
天机·富春山居图,2.9,孙健君,刘德华 / 林志玲 / 张静初,动作 / 冒险,中国大陆,2013,29909,2013年6月9日,国产
冰雪奇缘 Frozen,8.3,克里斯·巴克 / 珍妮弗·李,克里斯汀·贝尔 / 伊迪娜·门泽尔 / 乔纳森·格罗夫,喜剧 / 动画 / 奇幻 / 歌舞,美国,2013,29843,2014年2月5日,进口分账
沉睡魔咒 Maleficent,6.9,罗伯特·斯特罗姆伯格,安吉丽娜·朱莉 / 艾丽·范宁 / 沙尔托·科普雷,动作 / 爱情 / 奇幻 / 冒险,美国/英国,2014,29568,2014年6月20日,进口分账
熊出没之雪岭熊风,7.3,丁亮 / 刘富源,张伟 / 张秉君 / 谭笑,喜剧 / 动画 / 冒险 / 家庭,中国大陆,2015,29534,2015年1月30日,国产
小时代2：青木时代,4.9,郭敬明,杨幂 / 柯震东 / 郭采洁,剧情 / 喜剧 / 爱情,中国大陆/台湾,2013,29350,2013年8月8日,国产（合拍）
记忆大师,7.2,陈正道,黄渤 / 段奕宏 / 徐静蕾,剧情 / 犯罪 / 悬疑 / 惊悚,中国大陆,2017,29295,2017年04月28日,国产（合拍）
狄仁杰之通天帝国,6.4,徐克,刘德华 / 刘嘉玲 / 李冰冰,剧情 / 动作 / 犯罪 / 悬疑 / 古装,中国大陆/香港,2010,29228,2010年9月29日,国产（合拍）
二代妖精之今生有幸,5.7,肖洋,冯绍峰 / 刘亦菲 / 李光洁,喜剧 / 爱情 / 奇幻,中国大陆,2017,29208,2017年12月29日,国产
归来,7.7,张艺谋,陈道明 / 巩俐 / 张慧雯,剧情 / 历史 / 爱情,中国大陆,2014,29203,2014年5月16日,国产
满城尽带黄金甲,5.2,张艺谋,周润发 / 巩俐 / 刘烨,剧情 / 动作 / 爱情 / 古装,中国大陆/香港,2006,29100,2006年12月14日,国产
十月围城,7.7,陈德森,甄子丹 / 王学圻 / 梁家辉,动作 / 剧情 / 历史,香港/中国大陆,2009,29032,2009年12月17日,国产（合拍）
微爱之渐入佳境,4.6,顾长卫,杨颖 / 陈赫 / 张鲁一,喜剧 / 爱情,中国大陆,2014,28892,2014年12月31日,国产
咱们结婚吧,5.9,刘江,高圆圆 / 姜武 / 李晨,喜剧 / 爱情,中国大陆,2015,28780,2015年4月2日,国产
熊出没之熊心归来,6.2,丁亮 / 林永长,张伟 / 张秉君 / 谭笑,喜剧 / 动画 / 冒险,中国大陆,2016,28778,2016年1月16日,国产
小萝莉的猴神大叔 Bajrangi Bhaijaan,8.6,卡比尔·汗,萨尔曼·汗 / 哈莎莉·马洛特拉 / 卡琳娜·卡普尔,剧情 / 喜剧 / 动作,印度,2015,28544,2018年3月2日,进口
不二神探,4.6,王子鸣,文章 / 李连杰 / 刘诗诗,喜剧 / 动作 / 犯罪,中国大陆,2013,28428,2013年6月21日,国产
封神传奇,2.9,许安,李连杰 / 范冰冰 / 黄晓明,剧情 / 动作 / 奇幻,香港/中国大陆,2016,28406,2016年7月29日,国产（合拍）
有一个地方只有我们知道,4.9,徐静蕾,吴亦凡 / 王丽坤 / 徐静蕾,爱情,中国大陆,2015,28335,2015年2月10日,国产
变形金刚 Transformers,8.1,迈克尔·贝,希亚·拉博夫 / 泰瑞斯·吉布森 / 乔什·杜哈明,动作 / 科幻,美国,2007,28232,2007年7月11日,进口分账
微微一笑很倾城,5.0,赵天宇,井柏然 / 杨颖 / 李沁,爱情,中国大陆,2016,27584,2016年8月12日,国产
催眠大师,7.6,陈正道,徐峥 / 莫文蔚 / 胡静,剧情 / 悬疑 / 惊悚,中国大陆,2014,27419,2014年4月29日,国产
超体 Lucy,7.1,吕克·贝松,斯嘉丽·约翰逊 / 摩根·弗里曼 / 崔岷植,动作 / 科幻,法国,2014,27229,2014年10月24日,进口
天才枪手 ฉลาดเกมส์โกง,8.2,纳塔吾·彭皮里亚,茱蒂蒙·琼查容苏因 / 查侬·散顶腾古 / 依莎亚·贺苏汪,剧情 / 犯罪 / 悬疑,泰国,2017,27132,2017年10月13日,进口
厨子戏子痞子,7.0,管虎,刘烨 / 张涵予 / 黄渤,喜剧 / 动作,中国大陆,2013,27058,2013年3月29日,国产
木星上行 Jupiter Ascending,5.3,莉莉·沃卓斯基 / 拉娜·沃卓斯基,查宁·塔图姆 / 米拉·库尼斯 / 肖恩·宾,动作 / 科幻 / 冒险,美国/英国,2015,26884,2015年3月6日,进口分账
金刚狼2 The Wolverine,6.2,詹姆斯·曼高德,休·杰克曼 / 冈本多绪 / 福岛莉拉,动作 / 科幻,美国/英国,2013,26855,2013年10月17日,进口分账
星球大战8：最后的绝地武士 Star Wars: The Last Jedi,7.2,莱恩·约翰逊,马克·哈米尔 / 凯丽·费雪 / 黛西·雷德利,动作 / 科幻 / 冒险,美国,2017,26782,2018年1月5日,进口分账
绣春刀II：修罗战场,7.3,路阳,张震 / 杨幂 / 张译,剧情 / 动作 / 武侠 / 古装,中国大陆,2017,26579,2017年07月19日,国产
无人区,8.1,宁浩,徐峥 / 黄渤 / 余男,剧情 / 犯罪 / 西部,中国大陆,2013,26189,2013年12月3日,国产
异星战场 John Carter,6.3,安德鲁·斯坦顿,泰勒·克奇 / 琳恩·柯林斯 / 托马斯·哈登·丘奇,动作 / 科幻 / 奇幻 / 冒险,美国,2012,26064,2012年3月16日,进口分账
赤壁(下),6.4,吴宇森,梁朝伟 / 金城武 / 张丰毅,动作 / 剧情 / 历史 / 战争,中国大陆/香港/日本/台湾/韩国,2009,26053,2009年1月8日,国产（合拍）
王牌逗王牌,3.4,王晶,刘德华 / 黄晓明 / 王祖蓝,喜剧 / 动作 / 冒险,中国大陆/香港,2016,26039,2016年9月30日（18点起）,国产（合拍）
三枪拍案惊奇,4.6,张艺谋,小沈阳 / 闫妮 / 孙红雷,剧情,中国大陆/香港,2009,25821,2009年12月10日,国产
卧虎藏龙：青冥宝剑 Crouching Tiger Hidden Dragon: Sword of Destiny,4.7,袁和平,甄子丹 / 杨紫琼 / 岑勇康,剧情 / 动作 / 武侠 / 古装,中国大陆/美国,2016,25634,2016年2月19日,国产（合拍）
蓝精灵 The Smurfs,7.2,拉加·高斯内尔,尼尔·帕特里克·哈里斯 / 杰玛·梅斯 / 汉克·阿扎利亚,喜剧 / 动画 / 奇幻,美国/比利时,2011,25489,2011年8月10日,进口特种（3D）
海底总动员2：多莉去哪儿 Finding Dory,7.4,安德鲁·斯坦顿 / 安格斯·麦克莱恩,艾伦·德杰尼勒斯 / 艾伯特·布鲁克斯 / 艾德·奥尼尔,喜剧 / 动画 / 冒险 / 家庭,美国,2016,25411,2016年6月17日,进口分账
速度与激情5 Fast Five,8.4,林诣彬,范·迪塞尔 / 保罗·沃克 / 道恩·强森,动作 / 犯罪,美国,2011,25411,2011年5月13日,进口分账
寒战 寒戰,7.4,梁乐民 / 陆剑青,郭富城 / 梁家辉 / 李治廷,剧情 / 动作 / 犯罪,香港/中国大陆,2012,25361,2012年11月8日,国产（合拍）
金蝉脱壳 Escape Plan,7.6,米凯尔·哈弗斯特罗姆,西尔维斯特·史泰龙 / 阿诺·施瓦辛格 / 吉姆·卡维泽,动作 / 惊悚,美国,2013,25249,2013年11月4日,进口
前任2：备胎反击战,5.0,田羽生,郑恺 / 郭采洁 / 王传君,喜剧 / 爱情,中国大陆/香港,2015,25188,2015年11月6日,国产
爱乐之城 La La Land,8.4,达米恩·查泽雷,瑞恩·高斯林 / 艾玛·斯通 / 约翰·传奇,剧情 / 爱情 / 歌舞,美国,2016,24781,2017年02月14日,进口
极盗者 Point Break,6.8,埃里克松·科尔,卢克·布雷西 / 埃德加·拉米雷兹 / 泰莉莎·帕尔墨,动作 / 犯罪 / 运动,美国/中国大陆/德国,2015,24739,2015年12月04日,进口
熊出没之夺宝熊兵,6.4,丁亮 / 刘富源,张秉君 / 张伟 / 谭笑,喜剧 / 动画 / 冒险 / 家庭,中国大陆,2014,24643,2014年1月17日,国产
里约大冒险2 Rio 2,7.6,卡洛斯·沙尔丹哈,安妮·海瑟薇 / 杰西·艾森伯格 / 布鲁诺·马尔斯,喜剧 / 动画 / 冒险,美国,2014,24378,2014年4月11日,进口特种
扫毒 掃毒,7.3,陈木胜,刘青云 / 张家辉 / 古天乐,剧情 / 动作 / 犯罪 / 悬疑,中国大陆/香港,2013,23963,2013年11月29日,国产
侠盗联盟 俠盜聯盟,5.3,冯德伦,刘德华 / 舒淇 / 张静初,动作 / 冒险,中国大陆/香港/捷克,2017,23713,2017年08月11日,国产（合拍）
马达加斯加的企鹅 Penguins of Madagascar,7.4,埃里克·达尼尔 / 西蒙·J·史密斯,汤姆·麦格拉思 / 克里斯·米勒 / 克里斯多夫·奈茨,喜剧 / 动画 / 冒险,美国,2014,23704,2014年11月14日,进口分账
神战：权力之眼 Gods of Egypt,6.4,亚历克斯·普罗亚斯,尼古拉·科斯特-瓦尔道 / 布伦顿·思韦茨 / 杰拉德·巴特勒,动作 / 奇幻 / 冒险,美国/澳大利亚,2016,23540,2016年3月11日,进口
南极之恋,6.9,吴有音,赵又廷 / 杨子姗,爱情 / 冒险,中国大陆,2018,23418,2017年02月01日（18点）,国产
爱丽丝梦游仙境 Alice in Wonderland,7.0,蒂姆·波顿,米娅·华希科沃斯卡 / 约翰尼·德普 / 海伦娜·伯翰·卡特,奇幻 / 冒险,美国,2010,23404,2010年3月26日,进口分账
叶问2：宗师传奇,7.2,叶伟信,甄子丹 / 洪金宝 / 熊黛林,动作 / 传记 / 历史,中国大陆/香港,2010,23404,2010年4月27日,国产（合拍）
画皮 畫皮,6.5,陈嘉上 / 钱永强,甄子丹 / 周迅 / 陈坤,剧情 / 爱情 / 奇幻 / 惊悚,中国大陆/香港/新加坡,2008,23241,2008年9月25日,国产（合拍）
听风者,6.8,麦兆辉 / 庄文强,梁朝伟 / 周迅 / 范晓萱,剧情 / 悬疑,中国大陆/香港,2012,23224,2012年8月7日,国产（合拍）
东方快车谋杀案 Murder on the Orient Express,7.0,肯尼思·布拉纳,肯尼思·布拉纳 / 佩内洛普·克鲁兹 / 威廉·达福,剧情 / 犯罪 / 悬疑,美国/马耳他,2017,23016,2017年11月10日,进口分账
一生一世,5.1,邹佡,谢霆锋 / 高圆圆 / 杜海涛,爱情,中国大陆/香港,2014,22941,2014年9月5日,国产（合拍）
洛杉矶之战 Battle: Los Angeles,6.0,乔纳森·里贝斯曼,艾伦·艾克哈特 / 米歇尔·罗德里格兹 / 拉蒙·罗德里格兹,动作 / 科幻,美国,2011,22739,2011年3月18日,进口分账
海洋奇缘 Moana,7.6,罗恩·克莱蒙兹 / 约翰·马斯克 / 唐·霍尔 / 克里斯·威廉姆斯,奥丽伊·卡瓦洛 / 道恩·强森 / 瑞切尔·豪斯,动画 / 奇幻 / 冒险 / 歌舞,美国,2016,22699,2016年11月25日,进口分账
撒娇女人最好命,5.7,彭浩翔,周迅 / 黄晓明 / 隋棠,喜剧 / 爱情,中国大陆/香港,2014,22440,2014年11月28日（11月11日部分点映）,国产
风声,8.1,陈国富 / 高群书,周迅 / 李冰冰 / 张涵予,犯罪 / 剧情 / 惊悚 / 战争,中国大陆,2009,22413,2009年9月30日,国产（合拍）
心理罪之城市之光,6.1,徐纪周,邓超 / 阮经天 / 刘诗诗,动作 / 犯罪 / 悬疑,中国大陆/香港,2017,22407,2017年12月22日,国产
普罗米修斯 Prometheus,7.3,雷德利·斯科特,劳米·拉佩斯 / 迈克尔·法斯宾德 / 查理兹·塞隆,科幻 / 惊悚 / 冒险,美国/英国,2012,22359,2012年9月2日,进口特种
爸爸去哪儿2,4.5,谢涤葵 / 林妍,黄磊 / 黄忆慈 / 陆毅,儿童 / 喜剧 / 家庭,中国大陆,2015,22341,2015年2月19日,国产
解忧杂货店,5.1,韩杰,王俊凯 / 迪丽热巴 / 董子健,剧情 / 奇幻,中国大陆,2017,22298,2017年12月29日,国产
京城81号2 京城81号Ⅱ,3.8,钱人豪,张智霖 / 梅婷 / 钟欣潼,剧情 / 悬疑 / 惊悚,中国大陆,2017,21888,2017年07月06日18点,国产
敢死队 The Expendables,6.7,西尔维斯特·史泰龙,西尔维斯特·史泰龙 / 杰森·斯坦森 / 李连杰,动作 / 冒险 / 惊悚,美国,2010,21876,2010年8月20日,进口批片
新少林寺,5.9,陈木胜,刘德华 / 谢霆锋 / 范冰冰,剧情 / 动作,中国大陆/香港,2011,21626,2011年1月19日,国产（合拍）
欢乐好声音 Sing,8.2,加斯·詹宁斯 / 克里斯托夫·卢尔德莱,马修·麦康纳 / 瑞茜·威瑟斯彭 / 塞思·麦克法兰,喜剧 / 动画 / 歌舞,美国,2016,21621,2017年2月17日,进口分账
失孤,6.4,彭三源,刘德华 / 井柏然 / 吴君如,剧情,中国大陆/香港,2015,21616,2015年3月20日,国产（合拍）
我是证人,6.1,安相勋,杨幂 / 鹿晗 / 王景春,剧情 / 犯罪 / 悬疑,中国大陆/韩国,2015,21494,2015年10月30日,国产
窃听风云2,7.5,麦兆辉 / 庄文强,古天乐 / 刘青云 / 吴彦祖,剧情 / 动作 / 犯罪 / 悬疑,香港/中国大陆,2011,21468,2011年8月18日,国产（合拍）
重返地球 After Earth,5.5,M·奈特·沙马兰,威尔·史密斯 / 贾登·史密斯 / 佐伊·克罗维兹,动作 / 科幻 / 冒险,美国,2013,21466,2013年7月12日,进口分账
赏金猎人,5.0,申太罗,李敏镐 / 钟汉良 / 唐嫣,剧情 / 喜剧 / 动作,中国大陆/韩国/香港,2016,21374,2016年7月1日,国产（合拍）
哈利·波特与死亡圣器(上) Harry Potter and the Deathly Hallows: Part 1,7.9,大卫·叶茨,丹尼尔·雷德克里夫 / 艾玛·沃森 / 鲁伯特·格林特,剧情 / 奇幻 / 冒险,英国/美国,2010,21313,2010年11月19日,进口分账
谍影重重4 The Bourne Legacy,6.7,托尼·吉尔罗伊,杰瑞米·雷纳 / 蕾切尔·薇兹 / 爱德华·诺顿,动作 / 悬疑 / 惊悚,美国/日本,2012,21302,2012年10月25日,进口分账
白蛇传说,4.7,程小东,李连杰 / 黄圣依 / 林峰,动作 / 爱情 / 奇幻 / 古装,中国大陆,2011,21100,2011年9月28日,国产（合拍）
喜欢你,6.8,许宏宇,金城武 / 周冬雨 / 孙艺洲,喜剧 / 爱情,中国大陆,2017,21078,2017年04月27日,国产（合拍）
马达加斯加3 Madagascar 3: Europe&#39;s Most Wanted,8.2,康拉德·弗农 / 埃里克·达尼尔 / 汤姆·麦格拉思,本·斯蒂勒 / 克里斯·洛克 / 大卫·休默,喜剧 / 动画 / 冒险,美国,2012,21078,2012年6月8日,进口特种
起跑线 Hindi Medium,8.0,萨基特·乔杜里,伊尔凡·可汗 / 萨巴·卡玛尔 / 内哈·迪胡皮阿,剧情 / 喜剧,印度,2017,21023,2018年4月4日,进口
怪兽大学 Monsters University,8.0,丹·斯坎隆,比利·克里斯托 / 约翰·古德曼 / 史蒂夫·布西密,喜剧 / 动画 / 冒险,美国,2013,21007,2013年8月23日,进口分账
盲探,7.1,杜琪峰,刘德华 / 郑秀文 / 郭涛,喜剧 / 爱情 / 悬疑 / 惊悚 / 犯罪,中国大陆/香港,2013,20958,2013年7月4日,国产（合拍）
赤道,6.0,梁乐民 / 陆剑青,张学友 / 张家辉 / 余文乐,剧情 / 动作 / 犯罪 / 悬疑,香港,2015,20932,2015年4月30日,国产（合拍）
饥饿游戏3：嘲笑鸟(上) The Hunger Games: Mockingjay - Part 1,5.8,弗朗西斯·劳伦斯,詹妮弗·劳伦斯 / 乔什·哈切森 / 利亚姆·海姆斯沃斯,动作 / 科幻 / 冒险,美国,2014,20942,2015年2月8日,进口分账
反贪风暴2 S風暴,5.3,林德禄,古天乐 / 张智霖 / 周渝民,剧情 / 犯罪,中国大陆/香港,2016,20901,2016年9月14日18点起,国产（合拍）
老男孩猛龙过江,5.7,肖央,肖央 / 王太利 / 屈菁菁,剧情 / 喜剧,中国大陆,2014,20888,2014年7月10日,国产
痞子英雄2：黎明升起 痞子英雄2：黎明再起,5.4,蔡岳勋,赵又廷 / 林更新 / 黄渤,剧情 / 动作 / 犯罪,中国大陆/台湾/香港,2014,20873,2014年10月1日,国产（合拍）
帕丁顿熊2 Paddington 2,8.2,保罗·金,本·卫肖 / 休·格兰特 / 休·博纳维尔,喜剧 / 动画 / 家庭,英国/法国/美国,2017,20638,2017年12月8日,进口分账
寂静之地 A Quiet Place,6.4,约翰·卡拉辛斯基,艾米莉·布朗特 / 约翰·卡拉辛斯基 / 米利森特·西蒙兹,惊悚 / 恐怖,美国,2018,20510,2018年5月18日,进口分账（上映中……）
闺蜜,5.4,黄真真,陈意涵 / 薛凯琪 / 杨子姗,喜剧 / 爱情,中国大陆,2014,20498,2014年7月30日14点,国产
长江七号,6.4,周星驰,周星驰 / 徐娇 / 张雨绮,喜剧 / 科幻,中国大陆/香港,2008,20304,2008年1月30日,国产（合拍）
攻壳机动队 Ghost in the Shell,6.4,鲁伯特·桑德斯,斯嘉丽·约翰逊 / 皮鲁·埃斯贝克 / 北野武,动作 / 科幻 / 犯罪,美国,2017,20256,2017年04月07日,进口分账
逆时营救,4.9,尹鸿承,杨幂 / 霍建华 / 金士杰,动作 / 科幻,中国大陆,2017,20129,2017年06月29日,国产
虎胆龙威5 A Good Day to Die Hard,6.2,约翰·摩尔,布鲁斯·威利斯 / 杰·科特尼 / 塞巴斯蒂安·科赫,动作 / 惊悚 / 犯罪,美国,2013,20129,2013年3月14日,进口分账
投名状,6.9,陈可辛,李连杰 / 金城武 / 刘德华,剧情 / 动作 / 战争 / 古装,中国大陆/香港,2007,20110,2007年12月12日,国产（合拍）
101次求婚,5.6,陈正道,黄渤 / 林志玲 / 高以翔,爱情,中国大陆/台湾/日本,2013,20042,2013年2月12日,国产
猩球崛起 Rise of the Planet of the Apes,8.0,鲁伯特·瓦耶特,詹姆斯·弗兰科 / 安迪·瑟金斯 / 汤姆·费尔顿,剧情 / 动作 / 科幻,美国,2011,19681,2011年10月28日,进口分账
将爱情进行到底,6.6,张一白,李亚鹏 / 徐静蕾 / 王学兵,剧情 / 爱情,中国大陆,2011,19635,2011年2月12日,国产
解救吾先生,7.8,丁晟,刘德华 / 刘烨 / 吴若甫,剧情 / 犯罪,中国大陆,2015,19580,2015年9月30日,国产
太平轮(上),5.8,吴宇森,章子怡 / 金城武 / 宋慧乔,剧情 / 爱情 / 战争,中国大陆/香港,2014,19542,2014年12月2日,国产（合拍）
大侦探福尔摩斯2：诡影游戏 Sherlock Holmes: A Game of Shadows,7.5,盖·里奇,小罗伯特·唐尼 / 裘德·洛 / 瑞秋·麦克亚当斯,动作 / 犯罪 / 悬疑 / 惊悚 / 冒险,美国,2011,19343,2012年1月15日,进口分账
赵氏孤儿,5.9,陈凯歌,葛优 / 王学圻 / 黄晓明,剧情 / 动作 / 历史 / 武侠 / 古装,中国大陆,2010,19310,2010年12月4日,国产
分手合约,5.7,吴基焕,白百何 / 彭于晏 / 吴佩慈,爱情,中国大陆/韩国,2013,19264,2013年4月12日,国产
飓风营救3 Taken 3,6.4,奥利维尔·米加顿,连姆·尼森 / 福里斯特·惠特克 / 法米克·詹森,动作 / 犯罪 / 惊悚,法国/美国,2014,19246,2015年3月20日,进口分账
四大名捕大结局,4.7,陈嘉上 / 秦小珍,邓超 / 刘亦菲 / 邹兆龙,动作 / 爱情 / 悬疑 / 武侠 / 古装,中国大陆/香港,2014,19241,2014年8月22日,国产
四大名捕,5.0,陈嘉上 / 秦小珍,邓超 / 刘亦菲 / 郑中基,动作 / 爱情 / 悬疑 / 武侠 / 古装,中国大陆/香港,2012,19217,2012年7月12日,国产（合拍）
陆垚知马俐,5.4,文章,包贝尔 / 宋佳 / 朱亚文,喜剧 / 爱情,中国大陆,2016,19204,2016年7月15日,国产
奇迹男孩 Wonder,8.7,斯蒂芬·卓博斯基,雅各布·特伦布莱 / 朱莉娅·罗伯茨 / 伊扎贝拉·维多维奇,剧情 / 儿童 / 家庭,美国/香港,2017,19141,2018年1月19日,进口
武林外传,6.4,尚敬,闫妮 / 姚晨 / 沙溢,喜剧 / 动作 / 古装,中国大陆,2011,18965,2011年1月26日,国产
大话西游之大圣娶亲 西遊記大結局之仙履奇緣,9.2,刘镇伟,周星驰 / 吴孟达 / 朱茵,喜剧 / 爱情 / 奇幻 / 冒险,香港/中国大陆,1995,18917,2017-04-13（复映）/,国产（合拍）
功夫之王 The Forbidden Kingdom,5.3,罗伯·明可夫,李连杰 / 成龙 / 刘亦菲,动作 / 奇幻 / 冒险 / 武侠 / 古装,美国/中国大陆,2008,18800,2008年4月18日,国产（合拍）
移动迷宫2 Maze Runner: The Scorch Trials,5.7,韦斯·鲍尔,迪伦·奥布莱恩 / 卡雅·斯考达里奥 / 托马斯·布罗迪-桑斯特,动作 / 科幻 / 冒险,美国,2015,18780,2015年11月4日,进口分账
暴力街区 Brick Mansions,6.9,卡米尔·狄拉玛,保罗·沃克 / 大卫·贝利 / 罗伯特·菲茨杰拉德·迪格斯,剧情 / 动作 / 犯罪,法国/加拿大,2014,18704,2014年8月1日,进口
功夫熊猫 Kung Fu Panda,7.9,马克·奥斯本 / 约翰·斯蒂文森,杰克·布莱克 / 达斯汀·霍夫曼 / 安吉丽娜·朱莉,喜剧 / 动作 / 动画 / 冒险,美国,2008,18550,2008年6月20日,进口分账
功夫,8.1,周星驰,周星驰 / 元秋 / 元华,动作 / 喜剧 / 犯罪 / 奇幻,中国大陆/香港,2004,18549,2015年1月15日（3D版重映）；2004年12月22日,国产（合拍）
全民目击,7.6,非行,孙红雷 / 余男 / 郭富城,剧情 / 犯罪 / 悬疑,中国大陆,2013,18126,2013年9月13日,国产
单身男女2 單身男女II,5.4,杜琪峰,古天乐 / 杨千嬅 / 高圆圆,喜剧 / 爱情,香港/中国大陆,2014,18051,2014年11月11日（11月8日全天点映）,国产
谁的青春不迷茫,6.5,姚婷婷,白敬亭 / 郭姝彤 / 李宏毅,爱情,中国大陆,2016,17985,2016年4月22日,国产
最后的巫师猎人 The Last Witch Hunter,5.8,布瑞克·埃斯纳尔,范·迪塞尔 / 伊莱贾·伍德 / 露丝·莱斯利,动作 / 奇幻 / 冒险,美国,2015,17983,2016年1月15日,进口
无极,5.0,陈凯歌,张东健 / 张柏芝 / 真田广之,动作 / 剧情 / 奇幻,中国大陆/香港/日本/韩国,2005,17950,2005年12月15日,国产（合拍）
钢铁侠2 Iron Man 2,7.2,乔恩·费儒,小罗伯特·唐尼 / 格温妮斯·帕特洛 / 米基·洛克,动作 / 冒险 / 科幻,美国,2010,17920,2010年5月7日,进口分账
画壁,4.5,陈嘉上,邓超 / 孙俪 / 闫妮,剧情 / 动作 / 爱情 / 奇幻,中国大陆/香港,2011,17805,2011年9月29日,国产（合拍）
惊天危机 White House Down,7.3,罗兰·艾默里奇,查宁·塔图姆 / 杰米·福克斯 / 玛吉·吉伦哈尔,动作 / 灾难,美国,2013,17774,2013年7月22日,进口分账
诸神之战 Clash of the Titans,6.0,路易斯·莱特里尔,萨姆·沃辛顿 / 杰玛·阿特登 / 麦斯·米科尔森,动作 / 冒险 / 奇幻,美国,2010,17592,2010年4月16日,进口特种（3D）
饥饿游戏 The Hunger Games,6.8,盖瑞·罗斯,詹妮弗·劳伦斯 / 乔什·哈切森 / 利亚姆·海姆斯沃斯,动作 / 科幻 / 冒险,美国,2012,17577,2012年6月14日,进口分账
春娇救志明 春嬌救志明,7.0,彭浩翔,余文乐 / 杨千嬅 / 蒋梦婕,剧情 / 喜剧 / 爱情,香港/中国大陆,2017,17556,2017年04月28日,国产（合拍）
四大名捕2,4.8,陈嘉上 / 秦小珍,邓超 / 刘亦菲 / 邹兆龙,动作 / 悬疑 / 奇幻 / 武侠 / 古装,中国大陆/香港,2013,17541,2013年12月6日,国产
大魔术师 大魔術師,6.6,尔冬升,梁朝伟 / 刘青云 / 周迅,剧情 / 喜剧 / 爱情 / 奇幻,中国大陆/香港,2012,17429,2012年1月12日,国产（合拍）
蓝精灵：寻找神秘村 Smurfs: The Lost Village,6.3,凯利·阿斯博瑞,黛米·洛瓦托 / 雷恩·威尔森 / 乔·曼根尼罗,喜剧 / 动画 / 奇幻 / 冒险,美国,2017,17394,2017年04月21日,进口分账
搜索,7.3,陈凯歌,高圆圆 / 姚晨 / 赵又廷,剧情 / 悬疑,中国大陆,2012,17354,2012年7月6日,国产
新娘大作战,3.9,陈国辉,杨颖 / 倪妮 / 陈晓,喜剧 / 爱情,中国大陆/香港,2015,17331,2015年8月20日,国产（合拍）
驴得水,8.4,周申 / 刘露,任素汐 / 大力 / 刘帅良,剧情 / 喜剧,中国大陆,2016,17308,2016年10月28日,国产
看不见的客人 Contratiempo,8.8,奥里奥尔·保罗,马里奥·卡萨斯 / 阿娜·瓦格纳 / 何塞·科罗纳多,剧情 / 犯罪 / 悬疑 / 惊悚,西班牙,2016,17258,2017年09月15日,进口
疯狂外星人 Home,7.3,蒂姆·约翰逊,吉姆·帕森斯 / 蕾哈娜 / 史蒂夫·马丁,喜剧 / 科幻 / 动画 / 冒险,美国,2015,17238,2015年4月24日,进口特种
武侠,6.6,陈可辛,甄子丹 / 金城武 / 汤唯,剧情 / 动作 / 悬疑 / 武侠,香港/中国大陆,2011,17203,2011年7月4日,国产（合拍）
公牛历险记 Ferdinand,7.3,卡洛斯·沙尔丹哈,约翰·塞纳 / 凯特·麦克金农 / 莉莉·戴,喜剧 / 动画 / 冒险,美国,2017,17188,2018年1月19日,进口分账
一夜惊喜,5.4,金依萌,范冰冰 / 李治廷 / 吴佩慈,喜剧 / 爱情,中国大陆/香港,2013,17158,2013年8月9日,国产
黄飞鸿之英雄有梦,5.4,周显扬,彭于晏 / 井柏然 / 王珞丹,剧情 / 动作 / 爱情 / 武侠,中国大陆/香港/英国,2014,17127,2014年11月21日,国产
云图 Cloud Atlas,8.0,汤姆·提克威 / 拉娜·沃卓斯基 / 莉莉·沃卓斯基,汤姆·汉克斯 / 哈莉·贝瑞 / 吉姆·布劳德本特,剧情 / 科幻 / 悬疑,德国/美国/香港/中国大陆/新加坡,2012,16985,2013年1月31日,进口
祖宗十九代,4.3,郭德纲,岳云鹏 / 吴京 / 吴秀波,喜剧 / 奇幻,中国大陆,2018,16980,2018年2月16日,国产
南京！南京！,7.4,陆川,刘烨 / 高圆圆 / 中泉英雄,剧情 / 历史 / 战争,中国大陆/香港,2009,16848,2009年4月22日,国产
比得兔 Peter Rabbit,7.2,威尔·古勒,詹姆斯·柯登 / 多姆纳尔·格里森 / 萝丝·拜恩,喜剧 / 动画 / 冒险,美国/英国/澳大利亚,2018,16825,2018年3月2日,进口分账
喜羊羊与灰太狼之开心闯龙年,5.3,简耀宗,周笔畅 / 阿牛 / 欧弟,儿童 / 喜剧 / 动画 / 冒险,中国大陆,2012,16788,2012年1月12日,国产
危城,5.6,陈木胜,刘青云 / 古天乐 / 彭于晏,剧情 / 动作 / 犯罪 / 武侠 / 古装,中国大陆/香港,2016,16734,2016年8月12日,国产（合拍）
哈利·波特与混血王子 Harry Potter and the Half-Blood Prince,7.4,大卫·叶茨,丹尼尔·雷德克里夫 / 艾玛·沃森 / 鲁伯特·格林特,剧情 / 奇幻 / 冒险,英国/美国,2009,16729,2009年7月15日,进口分账
最强囍事,5.2,陈庆嘉 / 秦小珍,张柏芝 / 古天乐 / 甄子丹,喜剧 / 爱情,中国大陆/香港,2011,16704,2011年1月31日,国产（合拍）
比利·林恩的中场战事 Billy Lynn&#39;s Long Halftime Walk,8.3,李安,乔·阿尔文 / 加内特·赫德兰 / 克里斯汀·斯图尔特,剧情 / 战争,美国/英国/中国大陆,2016,16517,2016年11月11日,进口分账
七月与安生,7.6,曾国祥,周冬雨 / 马思纯 / 李程彬,剧情 / 爱情,中国大陆/香港,2016,16487,2016年9月14日,国产（合拍）
魔境仙踪 Oz: The Great and Powerful,6.3,山姆·雷米,詹姆斯·弗兰科 / 米歇尔·威廉姆斯 / 蕾切尔·薇兹,奇幻 / 冒险,美国,2013,16417,2013年3月29日,进口特种
第七子：降魔之战 Seventh Son,5.0,谢尔盖·波德罗夫,杰夫·布里吉斯 / 本·巴恩斯 / 朱丽安·摩尔,奇幻 / 冒险,英国/美国/加拿大/中国大陆,2014,16320,2015年1月16日,进口分账
波斯王子：时之刃 Prince of Persia: The Sands of Time,7.1,迈克·内威尔,杰克·吉伦哈尔 / 杰玛·阿特登 / 本·金斯利,动作 / 爱情 / 奇幻 / 冒险,美国,2010,16266,2010年5月28日,进口分账
大兵小将,6.8,丁晟,成龙 / 王力宏 / 刘承俊,动作 / 冒险 / 喜剧,中国大陆/香港,2010,16218,2010年2月14日,国产（合拍）
哆啦A梦：大雄的金银岛 ドラえもん のび太の宝島,6.8,今井一晓,水田山葵 / 大原惠美 / 嘉数由美,动画 / 奇幻 / 冒险,日本,2018,16190,2018年6月6日,进口（上映中……）
我的早更女友,5.4,郭在容,周迅 / 佟大为 / 钟汉良,喜剧 / 爱情,中国大陆,2014,16187,2014年12月12日,国产
神探夏洛克：可恶的新娘 Sherlock: The Abominable Bride,6.9,道格拉斯·麦金农,本尼迪克特·康伯巴奇 / 马丁·弗瑞曼 / 尤娜·斯塔布斯,剧情 / 犯罪 / 悬疑,英国,2016,16135,2016年1月4日,进口
诸神之怒 Wrath of the Titans,5.9,乔纳森·里贝斯曼,萨姆·沃辛顿 / 拉尔夫·费因斯 / 连姆·尼森,动作 / 奇幻 / 冒险,美国,2012,16126,2012年3月30日,进口特种
刺客信条 Assassin&#39;s Creed,5.4,贾斯汀·库泽尔,迈克尔·法斯宾德 / 玛丽昂·歌迪亚 / 杰瑞米·艾恩斯,动作 / 历史 / 科幻 / 冒险,美国/法国/香港/英国/台湾/马耳他/加拿大,2016,16104,2017年02月24日,进口
一触即发 Jack Ryan: Shadow Recruit,5.7,肯尼思·布拉纳,克里斯·派恩 / 凯文·科斯特纳 / 肯尼思·布拉纳,剧情 / 动作 / 惊悚,美国/俄罗斯,2014,16084,2014年1月17日,进口分账
极乐空间 Elysium,6.2,尼尔·布洛姆坎普,马特·达蒙 / 朱迪·福斯特 / 沙尔托·科普雷,剧情 / 动作 / 科幻,美国,2013,16006,2013年9月5日,进口分账
怦然星动,4.2,陈国辉,杨幂 / 李易峰 / 陈数,喜剧 / 爱情,中国大陆,2015,15956,2015年12月3日,国产
关云长,4.9,麦兆辉 / 庄文强,甄子丹 / 姜文 / 孙俪,动作 / 传记 / 剧情 / 历史,中国大陆/香港,2011,15876,2011年4月26日,国产（合拍）
小王子 Le Petit Prince,8.0,马克·奥斯本,杰夫·布里吉斯 / 麦肯吉·弗依 / 瑞秋·麦克亚当斯,动画 / 奇幻,法国,2015,15826,2015年10月16日,进口
大海啸之鲨口逃生 Bait 3D,5.4,金波·兰道,沙妮·文森 / 泽维尔·塞缪尔 / 朱利安·麦克马洪,动作 / 惊悚 / 灾难,澳大利亚,2012,15771,2012年10月12日,国产（合拍）
非凡任务,6.4,麦兆辉 / 潘耀明,黄轩 / 段奕宏 / 郎月婷,剧情 / 动作 / 犯罪,中国大陆,2017,15643,2017年03月31日,国产（合拍）
夏有乔木 雅望天堂,4.7,赵真奎,吴亦凡 / 韩庚 / 卢杉,爱情,中国大陆,2016,15637,2016年8月5日,国产
消失的子弹,6.4,罗志良,谢霆锋 / 刘青云 / 杨幂,动作 / 悬疑 / 犯罪,中国大陆/香港,2012,15611,2012年8月14日,国产
冲上云霄 衝上雲霄,4.4,叶伟信 / 邹凯光,古天乐 / 郑秀文 / 吴镇宇,剧情 / 爱情,香港/中国大陆,2015,15606,2015年2月19日,国产（合拍）
特殊身份,3.9,霍耀良,甄子丹 / 景甜 / 安志杰,动作 / 犯罪,中国大陆,2013,15576,2013年10月18日,国产
大笑江湖,4.5,朱延平,小沈阳 / 林熙蕾 / 赵本山,喜剧 / 动作 / 古装,中国大陆/台湾,2010,15482,2010年12月3日,国产（合拍）
十面埋伏,5.8,张艺谋,章子怡 / 刘德华 / 金城武,剧情 / 武侠 / 古装,中国大陆/香港,2004,15360,2004年7月16日,国产
鸿门宴传奇,6.3,李仁港,黎明 / 冯绍峰 / 刘亦菲,剧情 / 动作 / 历史 / 爱情 / 古装,中国大陆/香港,2011,15244,2011年11月29日,国产（合拍）
黄金大劫案,6.8,宁浩,雷佳音 / 陶虹 / 程媛媛,剧情 / 喜剧 / 动作 / 历史 / 爱情 / 战争,中国大陆,2012,15146,2012年4月23日,国产
蜘蛛侠3 Spider-Man 3,7.0,山姆·雷米,托比·马奎尔 / 克斯汀·邓斯特 / 詹姆斯·弗兰科,动作 / 科幻 / 冒险,美国,2007,14971,2007年5月1日,进口分账
被偷走的那五年,5.8,黄真真,白百何 / 张孝全 / 范玮琪,爱情,中国大陆,2013,14913,2013年8月29日,国产
谜城,5.5,林岭东,古天乐 / 余文乐 / 佟丽娅,动作 / 犯罪 / 惊悚,中国大陆/香港,2015,14911,2015年7月30日,国产（合拍）
大上海,6.6,王晶,周润发 / 黄晓明 / 洪金宝,剧情 / 动作,中国大陆/香港,2012,14899,2012年12月21日,国产
哆啦A梦：大雄的南极冰冰凉大冒险 ドラえもん のび太の南極カチコチ大冒険,6.6,高桥敦史,水田山葵 / 大原惠美 / 嘉数由美,动画 / 冒险,日本,2017,14893,2017年05月39日,进口
遗落战境 Oblivion,6.9,约瑟夫·科辛斯基,汤姆·克鲁斯 / 摩根·弗里曼 / 欧嘉·柯瑞兰寇,动作 / 科幻 / 悬疑 / 冒险,美国,2013,14864,2013年5月10日,进口分账
移动迷宫 The Maze Runner,6.8,韦斯·鲍尔,迪伦·奥布莱恩 / 阿梅尔·艾米恩 / 李起弘,动作 / 科幻 / 冒险,美国/英国/英国,2014,14818,2014年10月28日,进口分账
太极1：从零开始,5.7,冯德伦,袁晓超 / 梁家辉 / 杨颖,喜剧 / 动作 / 奇幻 / 武侠 / 古装,中国大陆,2012,14711,2012年9月27日,国产
山楂树之恋,6.7,张艺谋,周冬雨 / 窦骁 / 奚美娟,剧情 / 爱情,中国大陆,2010,14662,2010年9月15日,国产
毒战 毒戰,7.2,杜琪峰,孙红雷 / 古天乐 / 黄奕,剧情 / 动作 / 犯罪,中国大陆/香港,2012,14650,2013年4月2日,国产
破风 破風,7.2,林超贤,彭于晏 / 窦骁 / 崔始源,剧情 / 运动,香港/中国大陆,2015,14523,2015年8月6日18点起,国产（合拍）
哈利·波特与凤凰社 Harry Potter and the Order of the Phoenix,7.8,大卫·叶茨,丹尼尔·雷德克里夫 / 艾玛·沃森 / 鲁伯特·格林特,奇幻 / 冒险,英国/美国,2007,14515,2007年8月10日,进口分账
万物生长,5.8,李玉,范冰冰 / 韩庚 / 齐溪,喜剧 / 爱情,中国大陆,2015,14500,2015年4月17日,国产
锦衣卫,5.9,李仁港,甄子丹 / 赵薇 / 吴尊,剧情 / 动作 / 惊悚 / 武侠 / 古装,中国大陆/香港/新加坡,2010,14470,2010年2月3日,国产（合拍）
惊天魔盗团 Now You See Me,7.5,路易斯·莱特里尔,杰西·艾森伯格 / 艾拉·菲舍尔 / 伍迪·哈里森,剧情 / 犯罪 / 悬疑,美国/法国,2013,14351,2013年10月10日,进口
饥饿游戏3：嘲笑鸟(下) The Hunger Games: Mockingjay - Part 2,6.2,弗朗西斯·劳伦斯,詹妮弗·劳伦斯 / 乔什·哈切森 / 利亚姆·海姆斯沃斯,动作 / 科幻 / 冒险,美国,2015,14342,2015年11月20日,进口分账
圆梦巨人 The BFG,6.8,史蒂文·斯皮尔伯格,鲁比·巴恩希尔 / 马克·里朗斯 / 比尔·哈德尔,奇幻 / 冒险,美国/英国,2016,14322,2016年10月14日,进口
白鹿原,6.3,王全安,张丰毅 / 张雨绮 / 段奕宏,剧情 / 历史,中国大陆,2012,14299,2012年9月15日,国产
喜羊羊与灰太狼之兔年顶呱呱,6.2,赵崇邦,祖丽晴 / 张琳 / 邓玉婷,喜剧 / 动画,中国大陆,2011,14230,2011年1月21日,国产
精武风云·陈真,6.0,刘伟强,甄子丹 / 舒淇 / 黄秋生,动作,香港/中国大陆,2010,14122,2010年9月21日,国产（合拍）
倩女幽魂,5.3,叶伟信,刘亦菲 / 古天乐 / 余少群,剧情 / 奇幻 / 惊悚 / 古装,中国大陆/香港,2011,14029,2011年4月19日,国产（合拍）
青蜂侠 The Green Hornet,5.7,米歇尔·贡德里,塞斯·罗根 / 周杰伦 / 卡梅隆·迪亚兹,喜剧 / 动作 / 犯罪,美国,2011,14021,2011年2月8日,进口分账
王牌保镖 The Hitman&#39;s Bodyguard,7.3,帕特里克·休斯,瑞恩·雷诺兹 / 塞缪尔·杰克逊 / 加里·奥德曼,喜剧 / 动作 / 犯罪,美国/中国大陆/保加利亚/荷兰,2017,13979,2017年09月22日,进口
蓝精灵2 The Smurfs 2,6.4,拉加·高斯内尔,尼尔·帕特里克·哈里斯 / 布莱丹·格里森 / 汉克·阿扎利亚,喜剧 / 动画 / 奇幻,美国,2013,13844,2013年9月12日,进口特种
生化危机4：战神再生 Resident Evil: Afterlife,6.3,保罗·安德森,米拉·乔沃维奇 / 艾丽·拉特 / 温特沃斯·米勒,动作 / 科幻 / 恐怖,德国/法国/美国/加拿大,2010,13795,2010年11月16日,进口
色，戒,8.2,李安,梁朝伟 / 汤唯 / 陈冲,剧情 / 爱情 / 情色,台湾/中国大陆/美国/香港,2007,13757,2007年11月1日,国产（合拍）
非常幸运,4.5,丹尼·高顿,章子怡 / 王力宏 / 林心如,喜剧 / 爱情,中国大陆/香港,2013,13714,2013年9月17日,国产
赛车总动员3：极速挑战 Cars 3,7.1,布莱恩·菲,欧文·威尔逊 / 克里斯黛拉·阿朗索 / 克里斯·库珀,喜剧 / 动画 / 冒险,美国,2017,13712,2017年08月25日,进口分账
爱 愛,7.0,钮承泽,舒淇 / 赵薇 / 赵又廷,剧情 / 爱情,台湾/中国大陆,2012,13680,2012年2月13日（14点）,国产（合拍）
致命伴旅 The Tourist,6.6,弗洛里安·亨克尔·冯·多纳斯马尔克,约翰尼·德普 / 安吉丽娜·朱莉 / 卢夫斯·塞维尔,剧情 / 悬疑 / 惊悚,美国/法国/意大利,2010,13671,2011年2月13日,进口分账
追凶者也,7.6,曹保平,刘烨 / 张译 / 段博文,剧情 / 喜剧 / 犯罪,中国大陆,2016,13587,2016年9月14日,国产
异星觉醒 Life,6.5,丹尼尔·伊斯皮诺萨,杰克·吉伦哈尔 / 丽贝卡·弗格森 / 瑞恩·雷诺兹,科幻 / 惊悚 / 恐怖,美国,2017,13579,2017年05月19日,进口分账
王朝的女人·杨贵妃,3.6,十庆,范冰冰 / 黎明 / 吴尊,爱情 / 古装,中国大陆,2015,13426,2015年7月30日,国产
十万个冷笑话2,7.4,卢恒宇 / 李姝洁,山新 / 郝祥海 / 李姝洁,喜剧 / 动画 / 奇幻,中国大陆,2017,13389,2017年08月18日,国产
逃出生天,6.7,彭发 / 彭顺,古天乐 / 刘青云 / 陈思诚,剧情 / 灾难,香港/中国大陆,2013,13377,2013年9月30日,国产（合拍）
越光宝盒,5.2,刘镇伟,孙俪 / 郑中基 / 朱茵,喜剧 / 奇幻,中国大陆/香港,2010,13297,2010年3月18日,国产
全城热恋,6.3,夏永康 / 陈国辉,张学友 / 刘若英 / 谢霆锋,喜剧 / 爱情,香港/美国/中国大陆,2010,13290,2010年2月11日,国产（合拍）
高跟鞋先生,5.0,陆可,杜江 / 薛凯琪 / 余心恬,喜剧 / 爱情,中国大陆,2016,13001,2016年2月14日,国产
夜宴,5.7,冯小刚,章子怡 / 葛优 / 吴彦祖,剧情 / 动作 / 古装,中国大陆,2006,13000,2006年9月14日,国产（合拍）
杜拉拉升职记,5.6,徐静蕾,徐静蕾 / 黄立行 / 莫文蔚,喜剧 / 剧情 / 爱情,中国大陆,2010,12987,2010年4月15日,国产
环形使者 Looper,6.8,莱恩·约翰逊,约瑟夫·高登-莱维特 / 布鲁斯·威利斯 / 艾米莉·布朗特,动作 / 科幻 / 惊悚,美国/中国大陆,2012,12983,2012年9月28日,进口分账
前任攻略,6.1,田羽生,韩庚 / 姚星彤 / 郑恺,喜剧 / 爱情,中国大陆,2014,12973,2014年1月31日,国产
逆战,6.4,林超贤,周杰伦 / 谢霆锋 / 林鹏,剧情 / 动作 / 犯罪 / 惊悚,香港/中国大陆,2012,12954,2012年1月17日,国产（合拍）
玩命速递：重启之战 The Transporter Refueled,5.9,卡米尔·狄拉玛,艾德·斯克林 / 雷·史蒂文森 / 洛安·沙巴诺尔,动作 / 犯罪 / 惊悚,法国/中国大陆/比利时,2015,12836,2015年11月20日,进口
铁甲钢拳 Real Steel,8.2,肖恩·利维,休·杰克曼 / 达科塔·高尤 / 凯文·杜兰,剧情 / 动作 / 科幻 / 运动,美国/印度,2011,12805,2011年11月8日,进口分账
睡在我上铺的兄弟,5.0,张琦,陈晓 / 秦岚 / 杜天皓,剧情 / 爱情,中国大陆,2016,12782,2016年4月1日,国产
喜羊羊与灰太狼之虎虎生威,6.8,赵崇邦,谢天华 / 王祖蓝 / 邓丽欣,儿童 / 动画,中国大陆,2010,12750,2010年1月29日,国产
大卫贝肯之倒霉特工熊,4.6,李清舫,汤水雨 / 徐佳琦 / 杨默,喜剧 / 动画 / 冒险 / 家庭,中国大陆,2017,12636,2017年1月13日,国产
超验骇客 Transcendence,6.5,沃利·菲斯特,约翰尼·德普 / 丽贝卡·豪尔 / 保罗·贝坦尼,动作 / 爱情 / 科幻,美国/中国大陆/英国,2014,12633,2014年4月18日,进口分账
加勒比海盗3：世界的尽头 Pirates of the Caribbean: At World&#39;s End,8.0,戈尔·维宾斯基,约翰尼·德普 / 杰弗里·拉什 / 奥兰多·布鲁姆,动作 / 冒险 / 奇幻,美国,2007,12600,2007年6月12日,进口分账
极限挑战之皇家宝藏,4.4,任静 / 严敏,黄渤 / 孙红雷 / 黄磊,喜剧 / 悬疑,中国大陆,2016,12549,2016年1月15日,国产
父子雄兵,4.8,袁卫东,大鹏 / 范伟 / 张天爱,喜剧,中国大陆,2017,12528,2017年07月21日,国产
喜羊羊与灰太狼之喜气羊羊过蛇年,5.2,简耀宗,祖晴 / 梁颖 / 张琳,喜剧 / 动画 / 家庭 / 冒险,中国大陆,2013,12524,2013年1月24日,国产
傲娇与偏见,5.1,李海蜀 / 黄彦威,迪丽热巴 / 张云龙 / 高伟光,喜剧 / 爱情,中国大陆,2017,12428,2017年04月20日,国产
纳尼亚传奇3：黎明踏浪号 The Chronicles of Narnia: The Voyage of the Dawn Treader,6.5,迈克尔·艾普特,本·巴恩斯 / 斯堪德·凯恩斯 / 乔芝·韩莉,剧情 / 奇幻 / 冒险,美国,2010,12391,2011年1月7日,进口分账
罗曼蒂克消亡史,7.7,程耳,葛优 / 章子怡 / 浅野忠信,剧情 / 动作 / 悬疑,中国大陆/香港,2016,12296,2016年12月16日,国产（合拍）
决战食神,4.7,叶伟民,葛优 / 谢霆锋 / 唐嫣,剧情 / 动作,中国大陆/香港,2017,12191,2017年2月10日,国产（合拍）
分歧者3：忠诚世界 The Divergent Series: Allegiant,5.7,罗伯特·斯文克,谢琳·伍德蕾 / 提奥·詹姆斯 / 杰夫·丹尼尔斯,动作 / 科幻 / 冒险,美国,2016,12202,2016年5月20日,进口
天才眼镜狗 Mr. Peabody &amp; Sherman,7.4,罗伯·明可夫,泰·布利尔 / 麦克斯·查尔斯 / 罗莉·弗雷泽,喜剧 / 科幻 / 动画 / 冒险,美国,2014,12097,2014年3月28日,进口分账
天台爱情,6.8,周杰伦,周杰伦 / 王学圻 / 曾志伟,喜剧 / 动作 / 爱情 / 歌舞,中国大陆/香港/台湾,2013,12001,2013年7月11日,国产
玩具总动员3 Toy Story 3,8.8,李·昂克里奇,汤姆·汉克斯 / 蒂姆·艾伦 / 琼·库萨克,喜剧 / 动画 / 奇幻 / 冒险,美国,2010,11937,2010年6月16日,进口特种（3D）
创：战纪 TRON: Legacy,6.5,约瑟夫·科辛斯基,加内特·赫德兰 / 奥利维亚·王尔德 / 杰夫·布里吉斯,动作 / 科幻 / 冒险,美国,2010,11934,2011年1月10日,进口分账
博物馆奇妙夜2 Night at the Museum: Battle of the Smithsonian,6.8,肖恩·利维,本·斯蒂勒 / 艾米·亚当斯 / 欧文·威尔逊,喜剧 / 动作 / 奇幻 / 冒险,美国/加拿大,2009,11933,2009年5月26日,进口分账
战马 War Horse,8.0,史蒂文·斯皮尔伯格,杰瑞米·艾文 / 彼得·穆兰 / 艾米丽·沃森,剧情 / 战争,美国,2011,11918,2012年2月28日,进口分账
太极2：英雄崛起,5.9,冯德伦,梁家辉 / 袁晓超 / 杨颖,喜剧 / 动作 / 奇幻 / 武侠 / 古装,中国大陆,2012,11848,2012年10月25日,国产（合拍）
佩小姐的奇幻城堡 Miss Peregrine&#39;s Home for Peculiar Children,7.2,蒂姆·波顿,阿萨·巴特菲尔德 / 伊娃·格林 / 塞缪尔·杰克逊,剧情 / 奇幻 / 冒险,美国,2016,11839,2016年12月2日,进口分账
我的个神啊 PK,8.4,拉吉库马尔·希拉尼,阿米尔·汗 / 安努舒卡·莎玛 / 桑杰·达特,喜剧 / 奇幻,印度,2014,11818,2015年5月22日,进口
夺命深渊 Sanctum,7.4,阿里斯特·格里尔森,瑞斯·维克菲尔德 / 艾莉森·克拉特切莉 / Alice Parkinson,剧情 / 动作 / 惊悚 / 冒险,美国/澳大利亚,2011,11815,2011年9月8日,进口（特种）
激战 激戰,7.8,林超贤,张家辉 / 彭于晏 / 李馨巧,剧情 / 动作 / 运动,香港/中国大陆,2013,11804,2013年8月16日,国产（合拍）
丁丁历险记 The Adventures of Tintin: The Secret of the Unicorn,7.6,史蒂文·斯皮尔伯格,杰米·贝尔 / 安迪·瑟金斯 / 丹尼尔·克雷格,动作 / 动画 / 悬疑 / 冒险,美国/新西兰,2011,11751,2011年11月15日,进口分账
空中营救 Non-Stop,7.5,佐米·希尔拉,连姆·尼森 / 朱丽安·摩尔 / 斯科特·麦克纳里,动作 / 悬疑 / 惊悚 / 灾难,英国/法国/美国,2014,11738,2014年9月19日,进口
终结者2018 Terminator Salvation,6.7,约瑟夫·麦克金提·尼彻,克里斯蒂安·贝尔 / 萨姆·沃辛顿 / 穆恩·布拉得古德,动作 / 冒险 / 科幻 / 惊悚,美国/德国/英国/意大利,2009,11673,2009年6月9日,进口分账
梅兰芳,6.9,陈凯歌,黎明 / 章子怡 / 孙红雷,传记 / 剧情 / 历史,中国大陆,2008,11670,2008年12月4日,国产（合拍）
生死抉择,6.2,于本正,王庆祥 / 廖京生 / 左翎,剧情,中国大陆,2000,11650,2000年9月28日,国产
全面回忆 Total Recall,7.0,伦·怀斯曼,科林·法瑞尔 / 凯特·贝金赛尔 / 杰西卡·贝尔,动作 / 科幻 / 惊悚 / 冒险,美国/加拿大,2012,11642,2012年10月20日,进口分账
明日世界 Tomorrowland,6.3,布拉德·伯德,布丽特·罗伯森 / 乔治·克鲁尼 / 拉菲·卡西迪,动作 / 科幻 / 冒险,美国/西班牙,2015,11641,2015年5月26日,进口分账
爸爸的假期,4.0,王岳伦,郭涛 / 林志颖 / 张亮,喜剧 / 家庭,中国大陆,2015,11599,2015年2月19日,国产
飓风营救2 Taken 2,6.7,奥利维尔·米加顿,连姆·尼森 / 玛姬·格蕾斯 / 法米克·詹森,剧情 / 动作 / 犯罪,法国/美国,2012,11509,2012年10月7日,进口分账
惊天破,4.0,吴品儒,谢霆锋 / 刘青云 / 佟丽娅,剧情 / 动作 / 犯罪 / 悬疑,中国大陆/香港,2016,11438,2016年10月21日,国产（合拍）
狂怒 Fury,7.8,大卫·阿耶,布拉德·皮特 / 希亚·拉博夫 / 罗根·勒曼,剧情 / 动作 / 战争,英国/中国大陆/美国,2014,11426,2014年11月21日,进口
关键第四号 I Am Number Four,6.1,D·J·卡卢索,亚历克斯·帕蒂弗 / 蒂莫西·奥利芬特 / 泰莉莎·帕尔墨,动作 / 科幻 / 惊悚,美国,2011,11417,2011年2月26日,进口分账
鲛珠传,4.3,杨磊,王大陆 / 张天爱 / 任达华,喜剧 / 动作 / 爱情 / 奇幻,中国大陆/香港,2017,11370,2017年08月11日,国产（合拍）
游龙戏凤 遊龍戲鳳,6.0,刘伟强,刘德华 / 舒淇 / 何韵诗,爱情,香港,2009,11359,2009年1月26日,国产（合拍）
极速蜗牛 Turbo,7.2,大卫·索伦,瑞恩·雷诺兹 / 保罗·吉亚玛提 / 迈克尔·佩纳,喜剧 / 动画 / 冒险,美国,2013,11327,2013年9月18日,进口分账
大明猩 미스터 고,5.4,金容华,徐娇 / 成东日 / 金康宇,剧情 / 喜剧 / 运动,中国大陆/韩国,2013,11307,2013年7月18日,国产（合拍）
九条命 Nine Lives,6.9,巴里·索南菲尔德,凯文·史派西 / 詹妮弗·加纳 / 玛丽娜·维丝曼,喜剧 / 奇幻 / 家庭,法国/中国大陆,2016,11202,2016年9月9日,进口
不可思异,3.8,孙周,王宝强 / 小沈阳 / 大鹏,剧情 / 喜剧 / 科幻,中国大陆,2015,11182,2015年12月4日,国产
木乃伊3 The Mummy: Tomb of the Dragon Emperor,5.4,罗伯·科恩,布兰登·费舍 / 李连杰 / 玛丽亚·贝罗,动作 / 冒险 / 奇幻 / 惊悚,美国/德国,2008,11090,2008年9月2日,国产（合拍）
生化危机5：惩罚 Resident Evil: Retribution,5.7,保罗·安德森,米拉·乔沃维奇 / 米歇尔·罗德里格兹 / 西耶娜·盖尔利,动作 / 科幻 / 恐怖,德国/加拿大/美国/法国,2012,11051,2013年3月17日,进口
一个人的武林,6.2,陈德森,甄子丹 / 王宝强 / 杨采妮,动作 / 惊悚,中国大陆/香港,2014,11047,2014年10月31日,国产（合拍）
21克拉,4.8,何念,郭京飞 / 迪丽热巴 / 大鹏,喜剧 / 爱情,中国大陆,2018,10998,2018年4月20日,国产（上映中……）
降临 Arrival,7.7,丹尼斯·维伦纽瓦,艾米·亚当斯 / 杰瑞米·雷纳 / 福里斯特·惠特克,剧情 / 科幻,美国,2016,10914,2017年1月20日,进口分账
疯狂的赛车,7.9,宁浩,黄渤 / 戎祥 / 九孔,动作 / 冒险 / 喜剧,中国大陆,2009,10904,2009年1月20日,国产
极盗车神 Baby Driver,7.1,埃德加·赖特,安塞尔·艾尔高特 / 凯文·史派西 / 杰米·福克斯,动作 / 犯罪 / 音乐,英国/美国,2017,10884,2017年08月25日,进口分账
不惧风暴 Into the Storm,6.7,史蒂文·奎里,理查德·阿米蒂奇 / 莎拉·韦恩·卡丽丝 / 马特·沃尔什,动作 / 灾难,美国,2014,10862,2014年9月12日,进口分账
魔警,5.9,林超贤,吴彦祖 / 张家辉 / 思漩,动作 / 犯罪 / 悬疑 / 惊悚,香港/中国大陆,2014,10844,2014年4月18日,国产（合拍）
十万个冷笑话,6.3,卢恒宇 / 李姝洁,阿杰 / 皇贞季 / 宝木中阳,喜剧 / 动画 / 奇幻,中国大陆,2014,10799,2014年12月31日（13点起）,国产
二次曝光,6.1,李玉,范冰冰 / 冯绍峰 / 霍思燕,剧情 / 爱情 / 悬疑,中国大陆,2012,10763,2012年9月29日,国产
分歧者2：绝地反击 Insurgent,5.8,罗伯特·斯文克,谢琳·伍德蕾 / 提奥·詹姆斯 / 凯特·温丝莱特,动作 / 科幻 / 冒险,美国,2015,10759,2015年6月19日,进口分账
十八洞村,7.0,苗月,王学圻 / 白威 / 陈西贝,剧情,中国大陆,2017,10736,2017年10月13日,国产
航海王之黄金城 ONE PIECE FILM GOLD,7.7,宮元宏彰,田中真弓 / 中井和哉 / 冈村明美,剧情 / 动作 / 动画 / 冒险,日本,2016,10732,2016年11月11日,进口
杨善洲,7.3,董玲,李雪健 / 奚美娟 / 陶虹,剧情 / 传记,中国大陆,2011,10706,2011年7月19日,国产
猎神：冬日之战 The Huntsman: Winter&#39;s War,5.4,塞德里克·萨科,克里斯·海姆斯沃斯 / 查理兹·塞隆 / 艾米莉·布朗特,动作 / 奇幻 / 冒险,美国,2016,10628,2016年4月22日,进口分账
东北往事之破马张飞,3.6,郭大雷,贾乃亮 / 马丽 / 王迅,喜剧 / 动作,中国大陆,2017,10611,2017年2月3日,国产
追捕,4.7,吴宇森,张涵予 / 福山雅治 / 戚薇,剧情 / 动作 / 悬疑,香港/中国大陆,2017,10601,2017年11月24日,国产（合拍）
达·芬奇密码 The Da Vinci Code,7.2,朗·霍华德,汤姆·汉克斯 / 奥黛丽·塔图 / 伊恩·麦克莱恩,悬疑 / 惊悚,美国/马耳他/法国/英国,2006,10583,2006年5月19日,进口分账
水形物语 The Shape of Water,7.2,吉尔莫·德尔·托罗,莎莉·霍金斯 / 道格·琼斯 / 迈克尔·珊农,剧情 / 爱情 / 奇幻,美国,2017,10530,2018年3月16日,进口
全民超人汉考克 Hancock,6.7,彼得·博格,威尔·史密斯 / 查理兹·塞隆 / 杰森·贝特曼,动作 / 犯罪 / 奇幻,美国,2008,10500,2008年7月2日,进口分账
霍元甲,6.7,于仁泰,李连杰 / 董勇 / 孙俪,剧情 / 传记 / 动作,美国/中国大陆/香港,2006,10500,2006年1月25日,国产（合拍）
珍珠港 Pearl Harbor,7.8,迈克尔·贝,本·阿弗莱克 / 乔什·哈奈特 / 凯特·贝金赛尔,剧情 / 历史 / 爱情 / 战争,美国,2001,10500,2001年8月10日,进口分账
大内密探灵灵狗 大內密探靈靈狗,5.0,王晶,古天乐 / 徐熙媛 / 佟大为,喜剧,香港/中国大陆/台湾,2009,10436,2009年7月30日,国产（合拍）
超能查派 Chappie,7.2,尼尔·布洛姆坎普,休·杰克曼 / 西格妮·韦弗 / 沙尔托·科普雷,动作 / 科幻 / 惊悚,美国/墨西哥/南非,2015,10374,2015年5月8日,进口
七十七天,6.5,赵汉唐,江一燕 / 赵汉唐,剧情 / 冒险,中国大陆,2017,10372,2017年11月03日,国产
哆啦A梦：新·大雄的日本诞生 ドラえもん 新・のび太の日本誕生,7.1,八锹新之介,水田山葵 / 大原惠美 / 嘉数由美,动画,日本,2016,10359,2016年7月22日,进口
超脑48小时 Criminal,6.4,阿里尔·弗罗门,凯文·科斯特纳 / 加里·奥德曼 / 汤米·李·琼斯,剧情 / 动作 / 犯罪 / 悬疑 / 惊悚,英国/美国,2016,10354,2016年5月13日,进口
赛尔号大电影6：圣者无敌,4.8,王章俊,罗玉婷 / 翟巍 / 王晓彤,儿童 / 喜剧 / 动画 / 奇幻 / 冒险,中国大陆,2017,10345,2017年08月18日,国产
铜雀台,5.0,赵林山,周润发 / 刘亦菲 / 苏有朋,剧情 / 古装,中国大陆,2012,10345,2012年9月26日,国产
火影忍者剧场版：博人传 BORUTO -NARUTO THE MOVIE-,8.3,山下宏幸,三瓶由布子 / 菊池心 / 竹内顺子,动作 / 动画 / 冒险,日本,2015,10320,2016年2月18日,进口
财神客栈 財神客棧,5.3,王晶,谢霆锋 / 张家辉 / 黄奕,喜剧 / 动作 / 悬疑 / 古装,中国大陆/香港,2011,10314,2011年6月28日,国产（合拍）
游戏规则,4.3,高希希,何润东 / 黄子韬 / 古力娜扎,剧情 / 动作,中国大陆,2017,10312,2017年2月10日,国产
辛亥革命,6.2,张黎 / 成龙,赵文瑄 / 成龙 / 李冰冰,剧情 / 历史,中国大陆,2011,10275,2011年9月23日,国产
白日焰火,7.2,刁亦男,廖凡 / 桂纶镁 / 王学兵,剧情 / 犯罪 / 悬疑,中国大陆,2014,10242,2014年3月21日,国产
金刚 King Kong,7.8,彼得·杰克逊,娜奥米·沃茨 / 杰克·布莱克 / 艾德里安·布洛迪,动作 / 奇幻 / 冒险,新西兰/美国/德国,2005,10231,2006年1月14日,进口分账
绝命海拔 Everest,7.4,巴塔萨·科马库,杰森·克拉克 / 乔什·布洛林 / 约翰·浩克斯,剧情 / 传记 / 冒险,英国/美国/冰岛,2015,10212,2015年11月3日,进口分账
真实的谎言 True Lies,8.1,詹姆斯·卡梅隆,阿诺·施瓦辛格 / 杰米·李·柯蒂斯 / 汤姆·阿诺德,喜剧 / 动作 / 惊悚,美国,1994,10200,1995年4月14日,进口分账
鲨滩 The Shallows,7.1,佐米·希尔拉,布蕾克·莱弗利 / 奥斯卡·贾恩那达 / 布莱特·卡伦,惊悚 / 冒险,美国,2016,10165,2016年9月9日,进口分账
孔子,5.3,胡玫,周润发 / 周迅 / 陈建斌,传记 / 剧情,中国大陆/香港,2010,10139,2010年1月22日,国产（合拍）
绝世高手,6.0,卢正雨,卢正雨 / 郭采洁 / 范伟,喜剧 / 动作,中国大陆,2017,10128,2017年07月07日,国产
马戏之王 The Greatest Showman,7.8,迈克尔·格雷西,休·杰克曼 / 米歇尔·威廉姆斯 / 扎克·埃夫隆,剧情 / 传记 / 歌舞,美国,2017,10115,2017年2月1日,进口分账
临时同居 失戀急讓,5.0,卓韵芝,张家辉 / 郑秀文 / 杨颖,喜剧 / 爱情,香港/中国大陆,2014,10110,2014年8月21日,国产（合拍）
三少爷的剑,4.9,尔冬升,林更新 / 何润东 / 江一燕,剧情 / 动作 / 武侠 / 古装,中国大陆,2016,10074,2016年12月2日,国产
三人行,5.9,杜琪峰,赵薇 / 古天乐 / 钟汉良,剧情 / 动作 / 犯罪,中国大陆/香港,2016,10042,2016年6月24日,国产（合拍）
像素大战 Pixels,6.1,克里斯·哥伦布,亚当·桑德勒 / 凯文·詹姆斯 / 米歇尔·莫纳汉,喜剧 / 动作 / 科幻,美国/中国大陆,2015,10024,2015年9月15日,进口特种
冈仁波齐,7.7,张杨,尼玛扎堆 / 杨培 / 索朗卓嘎,剧情,中国大陆,2015,10010,2017年06月20日,国产
叶问 葉問,7.5,叶伟信,甄子丹 / 任达华 / 熊黛林,动作 / 传记 / 剧情 / 历史,香港/中国大陆,2008,10000,2008年12月12日,国产（合拍）
帕丁顿熊 Paddington,7.6,保罗·金,本·卫肖 / 妮可·基德曼 / 休·博纳维尔,喜剧 / 动画 / 家庭,英国/法国,2014,9992,2015年3月5日,进口
雷神 Thor,6.7,肯尼思·布拉纳,克里斯·海姆斯沃斯 / 娜塔莉·波特曼 / 汤姆·希德勒斯顿,动作 / 奇幻 / 冒险,美国,2011,9823,2011年5月8日,进口分账
庞贝末日 Pompeii,6.0,保罗·安德森,基特·哈灵顿 / 凯瑞-安·莫斯 / 艾米莉·布朗宁,动作 / 爱情 / 冒险 / 灾难,加拿大/德国/美国,2014,9754,2014年8月15日,进口
游侠索罗：星球大战外传 Solo: A Star Wars Story,7.0,朗·霍华德,阿尔登·埃伦瑞奇 / 艾米莉亚·克拉克 / 伍迪·哈里森,动作 / 科幻 / 冒险,美国,2018,9722,2018年5月25日,进口分账（上映中……）
侠探杰克 Jack Reacher,6.1,克里斯托弗·麦奎里,汤姆·克鲁斯 / 裴淳华 / 理查德·詹金斯,动作 / 惊悚 / 犯罪,美国,2012,9720,2013年2月16日,进口分账
单身男女 單身男女,6.8,杜琪峰,古天乐 / 吴彦祖 / 高圆圆,喜剧 / 爱情,香港,2011,9616,2011年3月31日,国产（合拍）
非常完美,6.0,金依萌,章子怡 / 范冰冰 / 何润东,喜剧 / 爱情,中国大陆/韩国,2009,9599,2009年8月14日,国产（合拍）
绑架者,5.0,徐静蕾 / 杨翌舒,白百何 / 黄立行 / 明道,动作 / 犯罪,中国大陆/台湾/香港,2017,9572,2017年03月31日,国产（合拍）
反贪风暴 Z風暴,5.5,林德禄,古天乐 / 林家栋 / 陈静,剧情 / 动作 / 犯罪,香港/中国大陆,2014,9533,2014年8月16日,国产（合拍）
哈利·波特与火焰杯 Harry Potter and the Goblet of Fire,8.1,迈克·内威尔,丹尼尔·雷德克里夫 / 艾玛·沃森 / 鲁伯特·格林特,奇幻 / 冒险,英国/美国,2005,9400,2005年11月18日,进口分账
宝贝计划 寶貝計劃,7.2,陈木胜,成龙 / 古天乐 / 蔡志强,动作 / 喜剧 / 剧情,香港/中国大陆,2006,9400,2006年9月28日,国产（合拍）
美国队长 Captain America: The First Avenger,6.6,乔·庄斯顿,克里斯·埃文斯 / 海莉·阿特维尔 / 塞巴斯蒂安·斯坦,动作 / 科幻 / 冒险,美国,2011,9363,2011年9月9日,进口分账
绣春刀,7.5,路阳,张震 / 刘诗诗 / 王千源,剧情 / 动作 / 武侠 / 古装,中国大陆,2014,9334,2014年8月7日,国产
危情谍战 Knight and Day,6.8,詹姆斯·曼高德,汤姆·克鲁斯 / 卡梅隆·迪亚兹 / 彼得·萨斯加德,动作 / 冒险 / 喜剧 / 惊悚,美国,2010,9301,2010年7月6日,进口分账
007：大战皇家赌场 Casino Royale,7.4,马丁·坎贝尔,丹尼尔·克雷格 / 伊娃·格林 / 麦斯·米科尔森,动作 / 惊悚 / 犯罪,美国/英国/德国/捷克 Czech Republic/巴哈马 Bahamas,2006,9270,2007年1月29日,进口分账
头脑特工队 Inside Out,8.7,彼特·道格特 / 罗纳尔多·德尔·卡门,艾米·波勒 / 菲利丝·史密斯 / 理查德·坎德,喜剧 / 动画 / 冒险,美国,2015,9229,2015年10月6日,进口分账
钢铁侠 Iron Man,7.9,乔恩·费儒,小罗伯特·唐尼 / 泰伦斯·霍华德 / 格温妮斯·帕特洛,动作 / 冒险 / 科幻 / 惊悚,美国,2008,9200,2008年4月30日,进口分账
驯龙高手 How to Train Your Dragon,8.7,迪恩·德布洛斯 / 克里斯·桑德斯,杰伊·巴鲁切尔 / 杰拉德·巴特勒 / 克雷格·费格森,喜剧 / 动画 / 奇幻 / 冒险 / 家庭,美国,2010,9193,2010年5月14日,进口分账
降魔传,3.0,王晶 / 钟少雄,郑恺 / 张雨绮 / 谢依霖,喜剧 / 奇幻,中国大陆,2017,9175,2017年11月17日,国产
怪物史瑞克4 Shrek Forever After,7.5,迈克·米歇尔,麦克·梅尔斯 / 艾迪·墨菲 / 卡梅隆·迪亚兹,喜剧 / 动作 / 动画 / 冒险,美国,2010,9099,2010年8月16日,进口分账
云中行走 The Walk,7.5,罗伯特·泽米吉斯,约瑟夫·高登-莱维特 / 本·金斯利 / 夏洛特·勒·邦,剧情 / 传记 / 冒险,美国,2015,9076,2016年1月22日,进口分账
新大头儿子和小头爸爸2一日成才,4.2,何澄 / 张振益,刘纯燕 / 董浩 / 鞠萍,喜剧 / 动画 / 家庭,中国大陆,2016,9035,2016年8月19日,国产
全城戒备,4.4,陈木胜,郭富城 / 舒淇 / 邹兆龙,动作 / 科幻 / 惊悚,香港/中国大陆,2010,9033,2010年8月6日,国产（合拍）
窃听风云 竊聽風雲,7.4,麦兆辉 / 庄文强,刘青云 / 古天乐 / 吴彦祖,动作 / 剧情 / 惊悚,香港/中国大陆/新加坡,2009,8983,2009年7月24日,国产（合拍）
百鸟朝凤,8.0,吴天明,陶泽如 / 李岷城 / 嵇波,剧情,中国大陆,2013,8917,2016年5月6日,国产
机械师 The Mechanic,6.9,西蒙·韦斯特,杰森·斯坦森 / 本·福斯特 / 托尼·戈德温,动作 / 剧情 / 惊悚,美国,2011,8916,2012年8月2日,进口
魔宫魅影,4.6,叶伟民,林心如 / 杨祐宁 / 任达华,剧情 / 爱情 / 惊悚,中国大陆/香港,2016,8844,2016年4月29日,国产
我想和你好好的,5.8,李蔚然,冯绍峰 / 倪妮 / 钮宝平,剧情 / 爱情,中国大陆,2013,8812,2013年10月12日,国产
痞子英雄之全面开战 痞子英雄,6.4,蔡岳勋,黄渤 / 赵又廷 / 杨颖,剧情 / 动作 / 犯罪,中国大陆/台湾,2012,8769,2012年6月19日,国产（合拍）
大护法,7.8,不思凡,小连杀 / 图特哈蒙 / 金士杰,喜剧 / 动画 / 奇幻 / 冒险,中国大陆,2017,8760,2017年07月13日,国产
惊天战神 Immortals,5.7,塔西姆·辛,亨利·卡维尔 / 米基·洛克 / 约翰·赫特,动作 / 剧情 / 奇幻,美国,2011,8663,2011年11月11日,进口
指环王3：王者无敌 The Lord of the Rings: The Return of the King,9.1,彼得·杰克逊,维果·莫腾森 / 伊莱贾·伍德 / 西恩·奥斯汀,剧情 / 动作 / 奇幻 / 冒险,美国/新西兰,2003,8630,2004年3月12日,进口分账
喜羊羊与灰太狼之牛气冲天,6.3,赵崇邦,阿牛 / 林峰 / 徐子珊,儿童 / 喜剧 / 动画,中国大陆,2009,8621,2009年1月16日,国产
我愿意,5.8,孙周,李冰冰 / 孙红雷 / 段奕宏,喜剧 / 爱情,中国大陆,2012,8544,2012年2月10日,国产
了不起的盖茨比 The Great Gatsby,7.7,巴兹·鲁赫曼,莱昂纳多·迪卡普里奥 / 凯瑞·穆里根 / 托比·马奎尔,剧情 / 爱情,澳大利亚/美国,2013,8524,2013年8月30日,进口分账
花木兰,6.2,马楚成,赵薇 / 陈坤 / 胡军,冒险 / 剧情 / 爱情,中国大陆/香港,2009,8518,2009年11月27日,国产（合拍）
喜羊羊与灰太狼之飞马奇遇记,4.3,简耀宗,祖晴 / 张琳 / 白百何,喜剧 / 动画 / 奇幻 / 冒险 / 家庭,中国大陆,2014,8487,2014年1月16日,国产
八星抱喜,4.9,陈庆嘉 / 秦小珍,黄百鸣 / 古天乐 / 甄子丹,喜剧,中国大陆/香港,2012,8452,2012年1月20日,国产（合拍）
整容日记,4.5,林爱华,白百何 / 郑中基 / 张瑶,喜剧 / 爱情,中国大陆/香港,2014,8450,2014年4月4日,国产
麦兜响当当 麥兜響當當,7.4,谢立文,黄渤 / 黄秋生 / 吴君如,动画 / 喜剧,中国大陆/香港,2009,8314,2017年03月17日（复映）/,国产（合拍）
笔仙Ⅱ,3.9,安兵基,朴寒星 / 辛芷蕾 / 高欣宇,悬疑 / 惊悚,中国大陆,2013,8259,2013年7月16日,国产
一念天堂,5.4,张承,沈腾 / 马丽 / 杜晓宇,喜剧,中国大陆,2015,8257,2015年12月31日,国产
飞屋环游记 Up,8.9,彼特·道格特 / 鲍勃·彼德森,爱德华·阿斯纳 / 克里斯托弗·普卢默 / 乔丹·长井,剧情 / 喜剧 / 动画 / 冒险,美国,2009,8251,2009年8月4日,进口特种
宙斯之子：赫拉克勒斯 Hercules,5.9,布莱特·拉特纳,道恩·强森 / 伊恩·麦柯肖恩 / 约翰·赫特,动作 / 冒险,美国,2014,8226,2014年10月21日,进口分账
纳尼亚传奇2：凯斯宾王子 The Chronicles of Narnia: Prince Caspian,6.8,安德鲁·亚当森,乔芝·韩莉 / 斯堪德·凯恩斯 / 安娜·帕波维尔,动作 / 奇幻 / 冒险,美国/波兰/斯洛文尼亚/捷克,2008,8200,2008年6月6日,进口分账
东成西就2011,3.9,刘镇伟,陈奕迅 / 莫文蔚 / 钟镇涛,喜剧 / 动作 / 爱情 / 奇幻 / 音乐,中国大陆/香港,2011,8187,2011年11月24日,国产（合拍）
名侦探柯南：业火的向日葵 名探偵コナン 業火の向日葵,5.7,静野孔文,高山南 / 山崎和佳奈 / 小山力也,动画 / 悬疑 / 冒险,日本,2015,8156,2015年10月23日,进口
独行侠 The Lone Ranger,7.0,戈尔·维宾斯基,约翰尼·德普 / 艾米·汉莫 / 海伦娜·伯翰·卡特,动作 / 西部 / 冒险,美国,2013,8147,2013年10月5日,进口分账
银魂 銀魂,7.0,福田雄一,小栗旬 / 菅田将晖 / 桥本环奈,喜剧 / 动作 / 奇幻 / 冒险,日本,2017,8145,2017年09月01日,进口
碟中谍3 Mission: Impossible III,7.3,J·J·艾布拉姆斯,汤姆·克鲁斯 / 菲利普·塞默·霍夫曼 / 文·瑞姆斯,动作 / 冒险 / 惊悚,美国/德国,2006,8120,2006年7月20日,进口分账
所以……和黑粉结婚了,4.7,金帝荣,朴灿烈 / 袁姗姗 / 姜潮,喜剧 / 爱情,中国大陆/韩国,2016,8114,2016年6月30日,国产（合拍）
史前一万年 10000 BC,5.9,罗兰·艾默里奇,史蒂文·斯崔特 / 卡米拉·贝勒 / 蒂姆·巴洛,冒险 / 剧情 / 奇幻,美国,2008,8100,2008年3月22日,进口分账
梦想合伙人,3.9,张太维,姚晨 / 唐嫣 / 郝蕾,剧情 / 爱情,中国大陆,2016,8094,2016年4月29日,国产
六福喜事,5.2,谷德昭,黄百鸣 / 曾志伟 / 吴君如,喜剧 / 爱情,中国大陆/香港,2014,8069,2014年1月11日,国产（合拍）
金刚狼 X-Men Origins: Wolverine,7.2,加文·胡德,休·杰克曼 / 列维·施瑞博尔 / 瑞恩·雷诺兹,动作 / 科幻,美国,2009,8018,2009年5月3日,进口分账
大侦探福尔摩斯 Sherlock Holmes,7.5,盖·里奇,小罗伯特·唐尼 / 裘德·洛 / 瑞秋·麦克亚当斯,动作 / 冒险 / 犯罪 / 悬疑 / 惊悚,美国/德国,2009,7997,2010年2月25日,进口分账
等风来,5.6,滕华涛,倪妮 / 井柏然 / 刘雅瑟,喜剧 / 爱情,中国大陆,2013,7976,2013年12月31日,国产
密战,4.4,钟少雄,郭富城 / 赵丽颖 / 张翰,剧情 / 动作 / 战争,中国大陆,2017,7954,2017年11月03日,国产
惊天大逆转,7.0,李骏,钟汉良 / 李政宰 / 郎月婷,剧情 / 犯罪 / 悬疑,中国大陆/韩国,2016,7866,2016年7月15日,国产
小门神,6.8,王微,高晓松 / 白客 / 易小星,喜剧 / 动画 / 奇幻,中国大陆,2016,7863,2016年1月1日,国产
烟花 打ち上げ花火、下から見るか？横から見るか？,5.2,新房昭之 / 武内宣之,广濑铃 / 菅田将晖 / 宫野真守,剧情 / 动画,日本,2017,7860,2017年12月01日,进口
冰川时代2：融冰之灾 Ice Age: The Meltdown,8.0,卡洛斯·沙尔丹哈,雷·罗马诺 / 约翰·雷吉扎莫 / 丹尼斯·利瑞,喜剧 / 动画 / 冒险,美国,2006,7849,2014-10-13（3D版重映）；2006年6月9日,进口分账
逗鸟外传：萌宝满天飞 Storks,7.5,尼古拉斯·斯托勒 / 道格·斯威特兰德,安迪·萨姆伯格 / 凯蒂·克朗 / 凯尔希·格兰莫,喜剧 / 动画 / 奇幻 / 冒险,美国,2016,7773,2016年9月23日,进口特种
王的盛宴,5.3,陆川,刘烨 / 吴彦祖 / 张震,历史 / 古装,中国大陆,2012,7715,2012年11月29日,国产（合拍）
消失的凶手,4.8,罗志良,刘青云 / 林家栋 / 李小璐,动作 / 犯罪 / 悬疑,中国大陆/香港,2015,7709,2015年11月27日,国产（合拍）
银翼杀手2049 Blade Runner 2049,8.2,丹尼斯·维伦纽瓦,瑞恩·高斯林 / 哈里森·福特 / 安娜·德·阿玛斯,剧情 / 科幻 / 惊悚,美国/加拿大/英国,2017,7694,2017年10月27日,进口分账
那些年，我们一起追的女孩 那些年，我們一起追的女孩,8.1,九把刀,柯震东 / 陈妍希 / 敖犬,剧情 / 喜剧 / 爱情,台湾,2011,7694,2012年1月6日,进口
洛克王国4：出发！巨人谷,4.7,乌格斯·马特尔 / 曹东飈,张琦 / 胡夏 / 林颖,动画 / 奇幻 / 冒险,中国大陆,2015,7689,2015年8月13日,国产
触不可及,5.3,赵宝刚,孙红雷 / 桂纶镁 / 方中信,爱情 / 战争,中国大陆,2014,7676,2014年9月19日,国产
赛尔号大电影3之战神联盟,4.5,王章俊 / 殷玉麒,杨欧 / 张安琪 / 樊俊航,动画 / 儿童 / 冒险,中国大陆,2013,7673,2013年7月12日,国产
战国,3.8,金琛,孙红雷 / 景甜 / 金喜善,剧情 / 动作 / 爱情 / 战争 / 悬疑 / 古装,中国大陆,2011,7671,2011年4月12日,国产
救火英雄,7.2,郭子健,谢霆锋 / 余文乐 / 任达华,动作 / 灾难,香港/中国大陆,2014,7638,2014年1月3日,国产（合拍）
巴霍巴利王2：终结 Baahubali 2: The Conclusion,7.1,S·S·拉贾穆里,帕拉巴斯 / 拉纳·达格巴提 / 安努舒卡·谢蒂,剧情 / 动作 / 奇幻,印度,2017,7632,2018年5月4日,进口（上映中……）
分歧者：异类觉醒 Divergent,6.4,尼尔·博格,谢琳·伍德蕾 / 提奥·詹姆斯 / 艾什莉·贾德,动作 / 科幻 / 冒险,美国,2014,7615,2014年9月8日,进口
赛车总动员2 Cars 2,7.6,约翰·拉塞特 / 布拉德·刘易斯,欧文·威尔逊 / 王牌接线员拉里 / 迈克尔·凯恩,喜剧 / 动画 / 冒险,美国,2011,7613,2011年8月24日,进口分账
通缉令 Wanted,7.4,提莫·贝克曼贝托夫,詹姆斯·麦卡沃伊 / 摩根·弗里曼 / 安吉丽娜·朱莉,动作 / 犯罪 / 惊悚,美国/德国,2008,7600,2008年10月9日,进口分账
我爱灰太狼2,2.7,叶凯,赵英俊 / 王智 / 蔡景森,喜剧 / 动画,中国大陆,2013,7490,2013年8月1日,国产
雪国列车 설국열차,7.3,奉俊昊,克里斯·埃文斯 / 杰米·贝尔 / 宋康昊,剧情 / 动作 / 科幻 / 灾难,韩国/捷克/美国/法国,2013,7489,2014年3月17日,进口
原谅他77次 原諒他77次,6.5,邱礼涛,蔡卓妍 / 周柏豪  / 诗雅,爱情,香港/中国大陆,2017,7486,2017年06月23日,进口
英雄之战,3.1,虞军豪,陆毅 / 何润东 / 魏一,动作 / 爱情,中国大陆,2014,7455,2014年3月21日,国产
伤城,6.8,刘伟强 / 麦兆辉,梁朝伟 / 金城武 / 徐静蕾,犯罪 / 剧情 / 惊悚,中国大陆/香港,2006,7430,2006年12月21日,国产（合拍）
冰雪女王3：火与冰 Снежная королева 3: Огонь и лед,4.6,阿列克谢·特斯蒂斯林,迪·布拉雷·贝克尔 / 洛瑞·加纳 / Devin Bailey Griffin,动画 / 冒险 / 家庭,俄罗斯/中国大陆,2016,7409,2018年4月5日,进口（上映中……）
逆世界 Upside Down,6.2,胡安·索拉纳斯,吉姆·斯特吉斯 / 克斯汀·邓斯特 / 蒂莫西·斯波,剧情 / 爱情 / 科幻 / 奇幻,加拿大/法国,2012,7381,2013年3月7日,进口
血战湘江,4.8,陈力,王霙 / 徐箭 / 董勇,历史 / 战争,中国大陆,2017,7365,2017年06月30日,国产
精灵旅社 Hotel Transylvania,7.8,格恩迪·塔塔科夫斯基,亚当·桑德勒 / 安迪·萨姆伯格 / 赛琳娜·戈麦斯,喜剧 / 动画 / 奇幻,美国,2012,7351,2013年11月1日,进口
第三种爱情,5.1,李宰汉,刘亦菲 / 宋承宪 / 欧弟,爱情,中国大陆/韩国,2015,7326,2015年9月25日,国产（合拍）
绿灯侠 Green Lantern,5.8,马丁·坎贝尔,瑞恩·雷诺兹 / 布蕾克·莱弗利 / 彼得·萨斯加德,动作 / 科幻,美国,2011,7317,2011年10月20日,进口特种
国家宝藏：夺宝秘笈 National Treasure: Book of Secrets,7.1,乔·德特杜巴,尼古拉斯·凯奇 / 贾斯汀·巴萨 / 黛安·克鲁格,动作 / 冒险 / 喜剧 / 悬疑 / 惊悚,美国,2007,7300,2008年3月17日,进口分账
深海浩劫 Deepwater Horizon,7.1,彼得·博格,马克·沃尔伯格 / 迪伦·奥布莱恩 / 约翰·马尔科维奇,剧情 / 冒险 / 灾难,美国/香港,2016,7266,2016年11月15日,进口
捉迷藏,5.5,刘杰,霍建华 / 秦海璐 / 万茜,犯罪 / 悬疑 / 惊悚,中国大陆,2016,7229,2016年11月04日,国产
三国之见龙卸甲,5.2,李仁港,刘德华 / 洪金宝 / 李美琪,动作 / 剧情 / 历史 / 战争,中国大陆/韩国/香港,2008,7200,2008年4月3日,国产
血滴子,4.6,刘伟强,黄晓明 / 阮经天 / 李宇春,动作 / 武侠 / 古装,中国大陆/香港,2012,7200,2012年12月20日,国产（合拍）
黑猫警长之翡翠之星,5.1,于胜军 / 史学刚 / 青松 / 施屹,赵路 / 吴天昊 / 林子杰,喜剧 / 动作 / 科幻 / 动画,中国大陆,2015,7197,2015年8月7日,国产
斯大林格勒 Сталинград,6.1,费奥多尔·邦达尔丘克,彼得·费奥多罗夫 / 托马斯·克莱舒曼 / 玛丽亚·斯莫尔尼科娃,动作 / 战争,俄罗斯,2013,7150,2013年10月31日,进口分账
我爱灰太狼,3.1,朱枫,赵娜 / 梁颖 / 祖晴,喜剧 / 动画 / 冒险,中国大陆,2012,7130,2012年8月10日,国产
河东狮吼2,3.3,马伟豪,张柏芝 / 小沈阳 / 赵本山,喜剧 / 动作 / 爱情,中国大陆/香港,2012,7092,2012年8月17日,国产（合拍）
春娇与志明 春嬌與志明,7.3,彭浩翔,杨千嬅 / 余文乐 / 杨幂,剧情 / 喜剧 / 爱情,香港/中国大陆,2012,7088,2012年3月30日,国产（合拍）
桃姐,8.3,许鞍华,叶德娴 / 刘德华 / 秦海璐,剧情,香港,2011,7074,2012年3月8日,国产（合拍）
观音山,7.1,李玉,张艾嘉 / 范冰冰 / 陈柏霖,剧情 / 爱情,中国大陆,2010,7083,2011年3月3日,国产
源代码 Source Code,8.3,邓肯·琼斯,杰克·吉伦哈尔 / 维拉·法米加 / 米歇尔·莫纳汉,科幻 / 悬疑 / 惊悚,美国/加拿大,2011,6990,2011年8月30日,进口
西风烈,5.9,高群书,段奕宏 / 倪大红 / 吴京,剧情 / 动作 / 犯罪 / 西部,中国大陆,2010,6981,2010年10月28日,国产
洛克王国2：圣龙的心愿,5.7,于胜军,林颖 / 孙闻,动画 / 奇幻 / 冒险,中国大陆,2013,6973,2013年1月31日,国产
一路惊喜,5.0,金依萌 / 潘安子 / 章家瑞 / 宋迪,郭采洁 / 萧敬腾 / 赵丽颖,喜剧 / 爱情 / 家庭,中国大陆,2015,6969,2015年2月6日,国产
刺陵,3.7,朱延平,周杰伦 / 林志玲 / 陈道明,动作 / 冒险,中国大陆/台湾/香港,2009,6957,2009年12月9日,国产（合拍）
反转人生,5.2,伍仕贤,夏雨 / 闫妮 / 潘斌龙,喜剧 / 奇幻,中国大陆,2017,6938,2017年06月29日,国产
笑功震武林,4.6,王晶 / 姜国民,洪金宝 / 吴君如 / 郑中基,喜剧 / 动作,中国大陆/香港,2013,6935,2013年3月8日,国产（合拍）
邻家特工 The Spy Next Door,6.1,布莱恩·莱温特,成龙 / 安贝·瓦莱塔 / 玛德琳·卡罗尔,喜剧 / 动作 / 家庭,美国,2010,6928,2010年1月15日,进口
海神号 Poseidon,6.7,沃尔夫冈·彼德森,乔什·卢卡斯 / 库尔特·拉塞尔 / 杰茜达·芭瑞特,剧情 / 动作 / 冒险 / 灾难,美国,2006,6883,2006年5月30日,进口分账
至爱梵高·星空之谜 Loving Vincent,8.5,多洛塔·科别拉 / 休·韦尔什曼,道格拉斯·布斯 / 罗伯特·古拉奇克 / 埃莉诺·汤姆林森,剧情 / 传记 / 动画,英国/波兰,2017,6871,2017年12月8日,进口
摩登年代,5.3,邵晓黎,徐峥 / 张子枫 / 王宣予,剧情 / 喜剧,中国大陆,2013,6853,2013年8月23日,国产
有种你爱我,4.6,李欣蔓,江一燕 / 郑恺 / 于笑,喜剧 / 爱情,中国大陆,2015,6831,2015年2月6日,国产
命中注定,5.7,张皓,汤唯 / 廖凡 / 苏岩,喜剧 / 爱情,中国大陆/香港/美国,2015,6783,2015年7月24日,国产
喜羊羊与灰太狼之羊年喜羊羊,4.8,黄伟明,祖晴 / 张琳 / 杨阳洋,喜剧 / 动画 / 奇幻 / 冒险 / 家庭,中国大陆,2015,6781,2015年1月31日,国产
地心历险记 Journey to the Center of the Earth,6.7,埃里克·布雷维格,布兰登·费舍 / 乔什·哈切森 / 安妮塔·布瑞姆,动作 / 科幻 / 冒险,美国,2008,6776,2008年9月28日,进口特种
狂兽 狂獸,5.0,李子俊,张晋 / 余文乐 / 文咏珊,剧情 / 动作 / 犯罪,香港/中国大陆,2017,6774,2017年11月10日,国产（合拍）
飞天,3.1,王珈 / 沈东,刘之冰 / 巫刚 / 赵晓明,剧情,中国大陆,2011,6756,2011年7月1日,国产
墨攻,6.1,张之亮,刘德华 / 安圣基 / 范冰冰,动作 / 剧情 / 战争,中国大陆/香港/日本/韩国,2006,6700,2006年11月23日,国产（合拍）
全球热恋,5.6,陈国辉 / 夏永康,刘若英 / 郭富城 / 陈奕迅,喜剧 / 爱情,中国大陆/香港,2011,6674,2011年9月8日,国产（合拍）
我知女人心,5.6,陈大明,刘德华 / 巩俐 / 袁立,喜剧 / 爱情,中国大陆/香港/韩国,2011,6667,2011年2月3日,国产（合拍）
我们诞生在中国 Born in China,8.0,陆川,周迅 / 约翰·卡拉辛斯基,剧情 / 纪录片,美国/英国/中国大陆,2016,6653,2016年8月12日,国产
湮灭 Annihilation,7.2,亚历克斯·嘉兰,娜塔莉·波特曼 / 詹妮弗·杰森·李 / 吉娜·罗德里格兹,剧情 / 科幻 / 惊悚,美国/英国,2018,6603,2018年4月13日,进口
欢乐喜剧人,2.6,黎继强,郭德纲 / 岳云鹏 / 罗温·艾金森,喜剧,中国大陆,2017,6596,2017年03月24日,国产
剑雨,7.0,苏照彬,杨紫琼 / 郑雨盛 / 王学圻,动作 / 武侠 / 古装,中国大陆/香港/台湾,2010,6568,2010年9月28日,国产（合拍）
神秘世界历险记3,5.9,王云飞,刘校妤 / 孟泉霖 / 陆揆,动画 / 奇幻 / 冒险,中国大陆,2016,6545,2016年7月29日,国产
危情时速 Unstoppable,7.6,托尼·斯科特,丹泽尔·华盛顿 / 克里斯·派恩 / 罗莎里奥·道森,剧情 / 动作 / 惊悚 / 灾难,美国,2010,6532,2010年11月9日,进口分账
龙之战,6.6,高峰,刘佩琦 / 曹云金 / 罗昱焜,动作 / 历史 / 战争,中国大陆,2017,6528,2017年08月04日,国产
晚秋 만추,6.9,金泰勇,汤唯 / 玄彬 / 金俊成,剧情,韩国/美国/香港,2010,6522,2012年3月23日,进口
郭明义,4.7,陈国星 / 王竞,侯勇 / 姜宏波 / 李沁,剧情 / 传记,中国大陆,2011,6508,2011年7月15日,国产
荡寇风云,6.1,陈嘉上,赵文卓 / 洪金宝 / 万茜,传记 / 动作 / 历史 / 战争 / 古装,中国大陆,2017,6504,2017年05月27日,国产（合拍）
门徒 門徒,7.5,尔冬升,刘德华 / 吴彦祖 / 古天乐,犯罪 / 剧情 / 惊悚,香港,2007,6500,2007年2月13日,国产（合拍）
三块广告牌 Three Billboards Outside Ebbing Missouri,8.7,马丁·麦克唐纳,弗兰西斯·麦克多蒙德 / 伍迪·哈里森 / 山姆·洛克威尔,剧情 / 犯罪,英国/美国,2017,6499,2018年3月2日,进口
博物馆奇妙夜 Night at the Museum,7.2,肖恩·利维,本·斯蒂勒 / 欧文·威尔逊 / 罗宾·威廉姆斯,动作 / 冒险 / 喜剧 / 家庭 / 奇幻,美国/英国,2006,6484,2007年2月14日,进口分账
闪光少女,7.4,王冉,徐璐 / 彭昱畅 / 刘泳希,喜剧 / 音乐,中国大陆,2017,6473,2017年07月20日,国产
破·局,6.3,连奕琦,郭富城 / 王千源 / 刘涛,动作 / 犯罪,中国大陆,2017,6452,2017年08月17日,国产
闺蜜2 閨蜜2之單挑越南黑幫,2.7,黄真真,薛凯琪 / 陈意涵 / 张钧甯,剧情 / 喜剧,香港/中国大陆,2018,6428,2018年3月2日,国产
桂宝之爆笑闯宇宙,5.1,王云飞,王云飞 / 阿桂 / 杨天翔,喜剧 / 科幻 / 动画,中国大陆/香港,2015,6428,2015年8月6日,国产（合拍）
消失爱人,4.8,黄真真,黎明 / 王珞丹 / 林俊杰,爱情 / 悬疑,中国大陆,2016,6422,2016年1月15日,国产
动物总动员 Konferenz der Tiere,6.5,莱因哈德·克洛斯 / 胡戈尔·坦普,克里斯托夫·玛丽亚·赫布斯特 / 托马斯·弗里斯奇 / Bastian Pastewka,喜剧 / 动画 / 家庭,德国,2010,6400,2011年6月24日,进口
疯岳撬佳人,3.5,钟少雄,岳云鹏 / 袁姗姗 / 孙坚,喜剧 / 爱情,中国大陆,2017,6389,2017年2月14日,国产
无敌破坏王 Wreck-It Ralph,8.6,瑞奇·摩尔,约翰·C·赖利 / 萨拉·西尔弗曼 / 杰克·麦克布瑞尔,喜剧 / 动画 / 奇幻 / 冒险,美国,2012,6387,2012年11月6日,进口分账
女汉子真爱公式,4.8,郭大雷,赵丽颖 / 张翰 / 童菲,喜剧 / 爱情,中国大陆,2016,6339,2016年3月18日,国产
我是路人甲,7.2,尔冬升,万国鹏 / 王婷 / 沈凯,剧情 / 喜剧,中国大陆/香港,2015,6317,2015年7月2日14点,国产（合拍）
危险关系,5.8,许秦豪,章子怡 / 张东健 / 张柏芝,剧情 / 爱情,中国大陆/韩国/新加坡,2012,6316,2012年9月27日,国产（合拍）
悲惨世界 Les Misérables,8.5,汤姆·霍珀,休·杰克曼 / 罗素·克劳 / 安妮·海瑟薇,剧情 / 爱情 / 音乐,美国/英国,2012,6313,2013年2月28日,进口分账
露水红颜,4.7,高希希,刘亦菲 / 郑智薰 / 王学兵,爱情,中国大陆,2014,6309,2014年11月7日,国产
七龙珠 Dragonball Evolution,3.7,黄毅瑜,贾斯汀·查特文 / 詹姆斯·马斯特斯 / 杰米·钟,动作 / 冒险 / 奇幻 / 科幻 / 惊悚,美国/香港/英国,2009,6308,2009年3月14日,进口分账
玩命快递3 Transporter 3,6.9,奥利维尔·米加顿,杰森·斯坦森 / Natalya Rudakova / 弗朗索瓦·贝莱昂,动作 / 犯罪,法国,2008,6304,2009年2月14日,进口分账
英雄本色2018,4.8,丁晟,王凯 / 马天宇 / 王大陆,剧情 / 动作,中国大陆/香港,2018,6299,2018年1月19日,国产
狂暴飞车 Drive Angry 3D,5.7,帕特里克·卢西尔,尼古拉斯·凯奇 / 艾梅柏·希尔德 / 凯蒂·米克松,动作 / 犯罪 / 奇幻 / 惊悚,美国,2011,6291,2011年9月15日,进口
明月几时有,6.9,许鞍华,周迅 / 彭于晏 / 霍建华,剧情 / 历史 / 战争,中国大陆/香港,2017,6285,2017年07月01日,国产（合拍）
尼斯湖怪：深水传说 The Water Horse,6.7,杰·拉塞尔,亚历克斯·伊特尔 / 艾米丽·沃森 / 本·卓别林,冒险 / 家庭 / 奇幻,新西兰/英国/澳大利亚,2007,6280,2008年2月17日,进口分账
盗马记 盜馬記,5.0,李志毅,梁家辉 / 郑伊健 / 陈慧琳,喜剧 / 动作 / 爱情 / 悬疑,中国大陆/香港,2014,6277,2014年3月21日,国产（合拍）
鼠来宝4：萌在囧途 Alvin and the Chipmunks: The Road Chip,6.7,沃尔特·拜克,贾斯汀·朗 / 马修·格雷·古柏勒 / 杰西·麦卡尼,喜剧 / 动画 / 奇幻 / 冒险 / 音乐,美国,2015,6263,2016年1月26日,进口分账
陪安东尼度过漫长岁月,6.1,秦小珍,刘畅 / 白百何 / 唐艺昕,剧情 / 爱情,中国大陆,2015,6257,2015年11月13日,国产
神秘世界历险记2,6.1,王云飞,刘校妤 / 孟泉霖 / 陆揆,动画 / 冒险 / 家庭,中国大陆,2014,6246,2014年8月8日,国产
赛尔号大电影4：圣魔之战,4.7,王章俊 / 殷玉麒,杨鸥 / 张安琪 / 樊俊航,剧情 / 儿童 / 动画 / 冒险,中国大陆,2014,6243,2014年7月11日,国产
超人归来 Superman Returns,6.5,布莱恩·辛格,布兰登·罗斯 / 凯特·波茨沃斯 / 凯文·史派西,动作 / 科幻 / 冒险,美国,2006,6238,2006年7月11日,进口分账
萨利机长 Sully,8.3,克林特·伊斯特伍德,汤姆·汉克斯 / 艾伦·艾克哈特 / 劳拉·琳妮,剧情 / 传记 / 灾难,美国,2016,6221,2016年12月9日,进口分账
魔法师的学徒 The Sorcerer&#39;s Apprentice,6.1,乔·德特杜巴,尼古拉斯·凯奇 / 杰伊·巴鲁切尔 / 莫妮卡·贝鲁奇,动作 / 冒险 / 喜剧 / 剧情 / 奇幻,美国,2010,6212,2010年9月9日,进口分账
花田喜事2010 花田囍事2010,5.2,黄百鸣 / 邱礼涛,黄百鸣 / 吴君如 / 古天乐,喜剧,中国大陆/香港,2010,6179,2010年2月10日,国产（合拍）
忠烈杨家将,6.0,于仁泰,郑少秋 / 徐帆 / 郑伊健,战争 / 古装,中国大陆/香港,2013,6172,2013年4月4日,国产（合拍）
超级快递,4.6,宋啸,陈赫 / 宋智孝 / 大卫·贝利,喜剧 / 动作,中国大陆/韩国/法国,2016,6159,2016年12月2日,国产
剩者为王,5.7,落落,舒淇 / 彭于晏 / 潘虹,剧情 / 爱情,中国大陆/香港,2015,6142,2015年11月6日,国产（合拍）
刺客聂隐娘,7.2,侯孝贤,舒淇 / 张震 / 周韵,剧情 / 武侠 / 古装,台湾/中国大陆/香港,2015,6134,2015年8月27日,国产（合拍）
忌日快乐 Happy Death Day,7.2,克里斯托弗·兰登,杰西卡·罗德 / 伊瑟尔·布罗萨德 / 露比·莫迪恩,悬疑 / 惊悚 / 恐怖,美国,2017,6122,2018年2月2日,进口分账
侠探杰克：永不回头 Jack Reacher: Never Go Back,6.0,爱德华·兹威克,汤姆·克鲁斯 / 寇碧·史莫德斯 / 罗伯特·克耐普,动作 / 犯罪,美国,2016,6111,2016年10月21日,进口分账
纳尼亚传奇1：狮子、女巫和魔衣橱 The Chronicles of Narnia: The Lion the Witch and the Wardrobe,7.2,安德鲁·亚当森,乔芝·韩莉 / 斯堪德·凯恩斯 / 威廉·莫斯里,剧情 / 奇幻 / 冒险,英国/美国,2005,6100,2006年3月8日,进口分账
星际迷航 Star Trek,8.0,J·J·艾布拉姆斯,克里斯·派恩 / 扎克瑞·昆图 / 伦纳德·尼莫伊,动作 / 冒险 / 科幻,美国/德国,2009,6087,2009年5月15日,进口分账
未来警察,3.8,王晶,刘德华 / 徐熙媛 / 徐娇,科幻,香港/台湾,2010,6073,2010年4月15日,国产（合拍）
行动目标希特勒 Valkyrie,7.0,布莱恩·辛格,汤姆·克鲁斯 / 肯尼思·布拉纳 / 比尔·奈伊,剧情 / 历史 / 战争,美国/德国,2008,6030,2009年2月26日,进口分账
秦时明月之龙腾万里,6.8,沈乐平,冯骏骅 / 季冠霖 / 沈达威,动画 / 奇幻 / 冒险 / 武侠,中国大陆,2014,6018,2014年8月8日,国产
他是龙 Он - дракон,7.4,因达尔·詹杜巴耶夫,马特维·雷科夫 / 玛利亚·波兹哈娃 / 斯坦尼斯拉夫·柳布申,爱情 / 奇幻 / 冒险,俄罗斯,2015,6013,2016年8月19日,进口
外公芳龄38,4.3,安兵基,佟大为 / 陈妍希 / 吕云骢,剧情 / 喜剧,中国大陆/韩国,2016,6009,2016年11月11日,国产
最爱,7.3,顾长卫,章子怡 / 郭富城 / 濮存昕,剧情 / 爱情,中国大陆/香港,2011,6008,2011年5月10日,国产（合拍）
无敌浩克 The Incredible Hulk,6.8,路易斯·莱特里尔,爱德华·诺顿 / 丽芙·泰勒 / 蒂姆·罗斯,动作 / 科幻 / 惊悚,美国,2008,6000,2008年8月20日,进口分账
潜艇总动员：海底两万里,4.0,申宇,范楚绒 / 洪海天 / 李晔,动画 / 奇幻 / 冒险,中国大陆,2018,5974,2018年6月1日,国产（上映中……）
神笔马良,5.5,钟智行,邵亦琛 / 孟祥龙 / 洪海天,动画 / 奇幻,中国大陆,2014,5874,2014年7月25日,国产
百星酒店,5.7,谷德昭,郑中基 / 黄百鸣 / 杜汶泽,喜剧 / 爱情,中国大陆/香港,2013,5838,2013年2月1日,国产（合拍）
笔仙,4.7,安兵基,梅婷 / 郭京飞 / 吴超,悬疑 / 恐怖,中国大陆,2012,5827,2012年7月17日,国产
天际浩劫 Skyline,4.5,科林·施特劳斯 / 格雷格·施特劳斯,艾里克·巴弗尔 / 斯考蒂·汤姆森 / 布兰特妮·丹尼尔,动作 / 科幻 / 灾难,美国,2010,5765,2011年6月3日,进口
唐伯虎点秋香2之四大才子,3.9,李力持,黄晓明 / 周立波 / 任贤齐,喜剧 / 古装,中国大陆/香港,2010,5757,2010年7月8日,国产（合拍）
潜艇总动员3：彩虹宝藏,4.2,何子力,范楚绒 / 洪海天 / 谢元真,动画 / 儿童,中国大陆,2013,5755,2013年5月31日,国产
灵魂战车2：复仇时刻 Ghost Rider: Spirit of Vengeance,5.4,马克·耐沃尔代 / 布莱恩·泰勒,尼古拉斯·凯奇 / 塞伦·希德 / 伊德里斯·艾尔巴,动作 / 奇幻 / 惊悚,美国,2011,5745,2012年4月20日,进口
龙之谷：破晓奇兵,7.4,宋岳峰,胡歌 / 景甜 / 徐娇,动画 / 奇幻 / 冒险,中国大陆,2014,5728,2014年7月31日,国产
亚瑟王：斗兽争霸 King Arthur: Legend of the Sword,7.0,盖·里奇,查理·汉纳姆 / 裘德·洛 / 阿斯特丽德·伯格斯-弗瑞斯贝,动作 / 奇幻 / 冒险,美国,2017,5698,2017年05月12日,进口特种
加菲猫2 Garfield: A Tail of Two Kitties,7.4,Tim Hill,比尔·默瑞 / 布瑞金·梅耶 / 詹妮弗·洛芙·休伊特,喜剧 / 家庭,英国/美国,2006,5673,2006年8月11日,进口分账
赤焰战场2 Red 2,7.1,迪恩·帕里索特,布鲁斯·威利斯 / 玛丽·露易斯·帕克 / 凯瑟琳·泽塔-琼斯,喜剧 / 动作 / 犯罪,美国/法国/加拿大,2013,5666,2013年11月15日,进口
别惹我 Malavita,7.1,吕克·贝松,罗伯特·德尼罗 / 米歇尔·菲佛 / 迪安娜·阿格隆,喜剧 / 动作 / 犯罪 / 惊悚,法国/美国,2013,5664,2014年3月7日,进口
赛尔号大电影5：雷神崛起,3.8,王章俊,罗玉婷 / 翟巍 / 王晓彤,剧情 / 儿童 / 动画 / 冒险,中国大陆,2015,5663,2015年7月23日,国产
从天“儿”降,3.5,魏楠 / 魏民,陈学冬 / 张艺兴 / 姜雯,喜剧,中国大陆,2015,5662,2015年12月4日,国产
贫民窟的百万富翁 Slumdog Millionaire,8.5,丹尼·博伊尔 / 洛芙琳·坦丹,戴夫·帕特尔 / 沙鲁巴·舒克拉 / 亚尼·卡普,剧情 / 爱情,英国/美国,2008,5628,2009年3月26日,进口分账
海绵宝宝 The SpongeBob Movie: Sponge Out of Water,7.3,保罗·提比特 / 迈克·米歇尔,安东尼奥·班德拉斯 / 艾瑞克·鲍扎 / 蒂姆·康威,喜剧 / 动画 / 冒险,美国,2015,5615,2015年12月1日,进口分账
我的爸爸是森林之王 The Son of Bigfoot,6.4,本·斯塔森 / 杰里米·德格鲁森,帕皮·福克纳 / 克里斯托弗·L·帕森 / 玛莉芙·赫林顿,喜剧 / 动画 / 冒险,法国/比利时,2017,5607,2017年10月14日,进口
周恩来的四个昼夜,5.0,陈力,孙维民 / 何伟 / 储智博,剧情 / 历史,中国大陆,2013,5598,2013年7月16日,国产
巨额来电,5.8,彭顺,陈学冬 / 张孝全 / 桂纶镁,剧情 / 犯罪,中国大陆/香港,2017,5581,2017年12月8日,国产
南极大冒险 Eight Below,8.6,弗兰克·马歇尔,保罗·沃克 / 布鲁斯·格林伍德 / 穆恩·布拉得古德,剧情 / 冒险,美国,2006,5547,2006年4月21日,进口分账
海啸奇迹 Lo imposible,7.5,胡安·安东尼奥·巴亚纳,娜奥米·沃茨 / 伊万·麦克格雷格 / 汤姆·赫兰德,剧情 / 灾难 / 家庭,西班牙/美国,2012,5509,2013年8月29日,进口
师父,8.1,徐浩峰,廖凡 / 宋佳 / 蒋雯丽,剧情 / 动作 / 武侠,中国大陆,2015,5478,2015年12月10日（18点起）,国产
魔发精灵 Trolls,7.1,迈克·米歇尔 / 沃尔特·道恩,安娜·肯德里克 / 贾斯汀·汀布莱克 / 佐伊·丹斯切尔,动画 / 奇幻 / 冒险 / 歌舞,美国,2016,5474,2016年10月25日,进口特种
脱轨时代,6.1,五百,张静初 / 潘粤明 / 吴克群,喜剧 / 爱情,中国大陆,2014,5470,2014年3月7日,国产
宫锁沉香,4.8,潘安子,周冬雨 / 陈晓 / 朱梓骁,剧情 / 爱情 / 古装,中国大陆,2013,5459,2013年8月13日,国产
这就是命,4.5,王丹,王迅 / 曾志伟 / 梁超,喜剧 / 犯罪,中国大陆,2017,5440,2017年12月01日,国产
恋爱通告,5.9,王力宏,王力宏 / 刘亦菲 / 曾轶可,喜剧 / 爱情,台湾/中国大陆,2010,5430,2010年8月12日,国产（合拍）
暴裂无声,8.3,忻钰坤,宋洋 / 姜武 / 袁文康,剧情 / 犯罪 / 悬疑,中国大陆,2017,5420,2018年4月4日,国产（上映中……）
巨人捕手杰克 Jack the Giant Slayer,6.1,布莱恩·辛格,尼古拉斯·霍尔特 / 埃莉诺·汤姆林森 / 伊万·麦克格雷格,剧情 / 奇幻 / 冒险,美国,2013,5415,2013年3月25日,进口分账
过年好,5.0,高群书,赵本山 / 闫妮 / 热依扎,喜剧,中国大陆,2016,5406,2016年2月1日,国产
快乐的大脚2 Happy Feet Two,7.2,乔治·米勒,伊莱贾·伍德 / 罗宾·威廉姆斯 / 红粉佳人,喜剧 / 动画 / 歌舞 / 家庭,澳大利亚,2011,5402,2012年2月21日,进口分账
刀剑神域：序列之争 劇場版 ソードアート・オンライン -オーディナル・スケール,7.1,伊藤智彦,松冈祯丞 / 户松遥 / 伊藤加奈惠,科幻 / 动画 / 冒险,日本,2017,5387,2017年09月15日,进口
线人 線人,7.3,林超贤,谢霆锋 / 张家辉 / 桂纶镁,动作 / 剧情 / 惊悚,香港/中国大陆,2010,5374,2010年8月24日,国产（合拍）
鲁滨逊漂流记 Robinson Crusoe,5.7,文森特·凯斯特鲁特 / 本·斯塔森,马提亚斯·施维赫夫 / 卡亚·叶娜尔 / 伊尔卡·贝桑,喜剧 / 动画 / 冒险,比利时/法国,2016,5362,2016年10月4日,进口
恋爱中的城市,5.6,文牧野 / 董润年 / 韩轶 / 傅天余 / 冀佳彤,杨幂 / 郑开元 / 江疏影,爱情,中国大陆,2015,5362,2015年8月19日18点,国产
快手枪手快枪手,5.1,潘安子,林更新 / 张静初 / 腾格尔,喜剧 / 动作,中国大陆,2016,5354,2016年7月15日,国产
十全九美,5.1,王岳伦,立威廉 / 黄奕 / 刘桦,喜剧,中国,2008,5300,2008年8月1日,国产
新天生一对,6.3,朱延平,周渝民 / 小小彬 / 陈嘉桦,剧情 / 喜剧 / 爱情 / 家庭,中国大陆/台湾,2012,5275,2012年1月23日,国产（合拍）
阿黛拉的非凡冒险 Les aventures extraordinaires d&#39;Adèle Blanc-Sec,6.8,吕克·贝松,露易丝·布尔昆 / 马修·阿马立克 / 吉尔·勒卢什,喜剧 / 奇幻 / 冒险,法国,2010,5231,2010年8月2日,进口
机器侠,5.2,刘镇伟,孙俪 / 方力申 / 胡军,动作 / 喜剧 / 爱情 / 科幻,中国大陆,2009,5222,2009年8月18日,国产（合拍）
神奇侠侣,5.0,谷德昭,古天乐 / 吴君如 / 李菁,喜剧,中国大陆/香港,2011,5178,2011年2月3日,国产（合拍）
黄金时代,7.2,许鞍华,汤唯 / 冯绍峰 / 王志文,剧情 / 传记 / 爱情,中国大陆/香港,2014,5163,2014年10月1日,国产（合拍）
在劫难逃 Abduction,5.7,约翰·辛格顿,泰勒·洛特纳 / 莉莉·柯林斯 / 阿尔弗雷德·莫里纳,剧情 / 动作 / 悬疑 / 惊悚,美国,2011,5145,2012年7月27日,进口
小羊肖恩 Shaun the Sheep Movie,8.4,马克·伯顿 / 理查德·斯塔扎克,贾斯汀·弗莱彻 / 约翰·斯帕克斯 / 欧米德·吉亚李利,喜剧 / 动画 / 冒险,英国/法国,2015,5133,2015年7月17日,进口
苏乞儿 蘇乞兒,4.7,袁和平,赵文卓 / 周迅 / 杨紫琼,动作 / 剧情 / 历史,中国大陆/香港,2010,5128,2010年2月9日,国产（合拍）
华尔街：金钱永不眠 Wall Street: Money Never Sleeps,6.4,奥利佛·斯通,迈克尔·道格拉斯 / 希亚·拉博夫 / 乔什·布洛林,剧情 / 犯罪,美国,2010,5118,2010年10月15日,进口分账
大闹天宫,6.8,万籁鸣 / 唐澄 / 速达 / 陈志宏,李扬 / 陈凯歌 / 陈道明,动画,中国大陆,2012,5102,2012年1月11日；2017-10-13（复映）,国产
太平轮(下)·彼岸,6.5,吴宇森,章子怡 / 金城武 / 宋慧乔,剧情 / 爱情 / 灾难,中国大陆/香港,2015,5099,2015年7月30日,国产（合拍）
巴啦啦小魔仙,3.5,李欣 / 叶凯,廖景萱 / 袁奇峰 / 王慧,儿童 / 奇幻 / 冒险,中国大陆,2013,5098,2013年1月31日,国产
遇见你真好,4.8,顾长卫,白客 / 蓝盈莹 / 张海宇,剧情 / 喜剧 / 爱情,中国大陆,2018,5094,2018年3月30日,国产
少年班,5.7,肖洋,孙红雷 / 周冬雨 / 董子健,剧情 / 喜剧,中国大陆,2015,5068,2015年6月19日,国产
笔仙3,4.2,安兵基,江一燕 / 焦俊艳 / 王龙华,悬疑 / 惊悚,中国大陆,2014,5060,2014年7月4日,国产
昆塔：反转星球,5.9,李炼,李正翔 / 洪海天 / 陶典,动画,中国大陆,2017,5040,2017年10月01日,国产
引爆者,6.5,常征,段奕宏 / 余男 / 王景春,动作 / 犯罪,中国大陆,2017,5024,2017年11月24日,国产
致命黑兰 Colombiana,6.9,奥利维尔·米加顿,佐伊·索尔达娜 / 迈克尔·瓦尔坦 / 马克斯·马蒂尼,剧情 / 动作 / 惊悚 / 犯罪,法国,2011,5022,2013年6月7日,进口
既然青春留不住,4.5,田蒙,张翰 / 陈乔恩 / 王啸坤,喜剧 / 爱情,中国大陆,2015,5016,2015年10月23日,国产
永无止境 Limitless,7.3,尼尔·博格,布莱德利·库珀 / 艾比·考尼什 / 罗伯特·德尼罗,科幻 / 悬疑 / 惊悚,美国,2011,5018,2011年10月13日,进口
火鸡总动员 Free Birds,6.0,吉米·海沃德,欧文·威尔逊 / 伍迪·哈里森 / 艾米·波勒,喜剧 / 动画 / 冒险,美国,2013,4993,2014年3月7日,进口
模仿游戏 The Imitation Game,8.6,莫滕·泰杜姆,本尼迪克特·康伯巴奇 / 凯拉·奈特莉 / 马修·古迪,剧情 / 传记 / 战争 / 同性,英国/美国,2014,4983,2015年7月21日,进口
背水一战 The Last Stand,6.8,金知云,阿诺·施瓦辛格 / 罗德里戈·桑托罗 / 杰米·亚历山大,喜剧 / 动作 / 犯罪,美国,2013,4962,2013年10月24日,进口分账
杜拉拉追婚记,5.3,安竹间,周渝民 / 林依晨 / 陈柏霖,喜剧 / 爱情,中国大陆,2015,4960,2015年12月4日,国产（合拍）
暗杀 암살,8.0,崔东勋,全智贤 / 李政宰 / 河正宇,剧情 / 动作 / 历史 / 犯罪,韩国,2015,4946,2015年9月17日,进口
谜巢,3.6,金波·兰道,李冰冰 / 凯南·鲁兹 / 吴尊,动作 / 冒险,中国大陆/澳大利亚,2018,4944,2018年1月19日,国产
龙虎门,5.7,叶伟信,甄子丹 / 谢霆锋 / 余文乐,动作 / 剧情,中国大陆/香港,2006,4900,2006年7月28日,国产（合拍）
麦兜·当当伴我心 麥兜‧噹噹伴我心,8.4,谢立文,黄秋生 / 吴君如 / 胡歌,喜剧 / 动画,中国大陆/香港,2012,4897,2017-04-07（复映）/,国产（合拍）
大武生,5.2,高晓松,吴尊 / 韩庚 / 徐熙媛,剧情 / 动作 / 爱情,中国大陆,2011,4835,2011年9月9日,国产
寄生兽 寄生獣,7.4,山崎贵,染谷将太 / 深津绘里 / 阿部隆史,剧情 / 动作 / 科幻 / 恐怖,日本,2014,4832,2016年9月2日,进口
森林战士 Epic,7.3,克里斯·韦奇,阿曼达·塞弗里德 / 乔什·哈切森 / 碧昂丝·诺尔斯,动画 / 奇幻 / 冒险,美国,2013,4830,2013年11月29日,进口特种
潜艇总动员4：章鱼奇遇记,4.0,何子力,蒋可 / 王晓彤 / 李晔,喜剧 / 动画 / 冒险,中国大陆,2014,4828,2014年5月30日,国产
功夫梦 The Karate Kid,6.3,哈罗德·兹瓦特,贾登·史密斯 / 成龙 / 塔拉吉·P·汉森,动作 / 剧情 / 家庭 / 运动,美国/中国大陆,2010,4817,2010年6月22日,国产（合拍）
大追捕,7.1,周显扬,张家辉 / 任达华 / 王敏德,剧情 / 动作 / 犯罪 / 悬疑 / 惊悚,香港/中国大陆,2012,4814,2012年3月15日,国产（合拍）
洛克王国3：圣龙的守护,4.9,龚宾四,杨莹 / 阎萌萌 / 皇贞季,动画 / 奇幻 / 冒险,中国大陆,2014,4782,2014年7月11日,国产
地球：神奇的一天 Earth: One Amazing Day,8.2,理查德·戴尔 / 彼得·韦柏  / 范立欣,成龙 / 罗伯特·雷德福,纪录片,中国大陆/英国,2017,4778,2017年08月11日,国产（合拍）
奔爱,3.7,张一白 / 管虎 / 张猛 / 滕华涛 / 高群书,章子怡 / 彭于晏 / 佟丽娅,剧情 / 爱情,中国大陆,2016,4752,2016年2月14日,国产
华丽上班族 華麗上班族,6.0,杜琪峰,周润发 / 张艾嘉 / 陈奕迅,剧情 / 喜剧 / 爱情 / 歌舞,香港/中国大陆,2015,4742,2015年9月2日,国产（合拍）
盟军夺宝队 The Monuments Men,5.5,乔治·克鲁尼,乔治·克鲁尼 / 马特·达蒙 / 比尔·默瑞,剧情 / 传记 / 历史 / 战争,美国/德国,2014,4707,2010年6月22日,国产
屠魔战士 I Frankenstein,5.2,斯图尔特·贝亚蒂耶,艾伦·艾克哈特 / 伊冯娜·斯特拉霍夫斯基 / 米兰达·奥图,动作 / 科幻 / 奇幻 / 惊悚,美国/澳大利亚,2014,4703,2015年5月26日,进口
坏蛋必须死,6.0,孙皓,陈柏霖 / 孙艺珍 / 乔振宇,喜剧 / 动作 / 犯罪 / 悬疑,中国大陆/香港/韩国,2015,4694,2015年11月27日,国产
常在你左右,5.1,邱礼涛,古天乐 / 张智霖 / 林家栋,犯罪 / 悬疑,香港/中国大陆,2017,4685,2017年10月27日,国产（合拍）
小马宝莉大电影 My Little Pony: The Movie,6.9,杰森·西森,奥卓·阿杜巴 / 艾米莉·布朗特 / 阿什莉·鲍尔,喜剧 / 动画 / 冒险,美国/加拿大,2017,4676,2018年2月2日,进口
熊猫总动员,3.4,Greg Manwaring / Michael Schoemann,何炅 / 谢娜 / 李维嘉,儿童 / 动画 / 家庭,中国大陆/德国/法国/西班牙/比利时,2011,4661,2011年2月3日,国产
美少女特攻队 Sucker Punch,6.1,扎克·施奈德,艾米莉·布朗宁 / 杰米·钟 / 吉娜·马隆,动作 / 奇幻 / 惊悚,美国,2011,4651,2011年4月15日,进口分账
谍海风云 Shanghai,5.8,米凯尔·哈弗斯特罗姆,约翰·库萨克 / 巩俐 / 周润发,剧情 / 爱情 / 悬疑 / 惊悚,美国/中国大陆/泰国,2010,4649,2010年6月17日,国产（合拍）
阿童木 Astro Boy,6.8,大卫·博维斯,弗莱迪·海默 / 克里斯汀·贝尔 / 尼古拉斯·凯奇,动画 / 动作 / 家庭 / 科幻,香港/美国/日本,2009,4623,2009年10月23日,国产（合拍）
神奇,3.2,胡雪桦,黄晓明 / 郭采洁 / 金雅中,剧情 / 爱情 / 运动,中国大陆,2013,4620,2013年9月30日,国产
就是这样 This Is It,8.7,肯尼·奥特加,迈克尔·杰克逊 / Alex Al / Nick Bass,纪录片 / 音乐,美国,2009,4619,2009年10月28日,进口分账
猪猪侠之英雄猪少年,4.7,陆锦明 / 钟裕,易烊千玺 / 陈轶 / 张子琨,喜剧 / 动画 / 奇幻,中国大陆,2017,4598,2017年1月7日,国产
魔法总动员 The House of Magic,6.6,杰里米·德格鲁森 / 本·斯塔森,辛达·亚当斯 / 乔治·巴比特 / 默里·布卢,喜剧 / 动画 / 冒险,比利时,2013,4586,2015年4月4日,进口
猪猪侠之终极决战,3.9,陆锦明 / 陆锦辉,陆双 / 陈志荣 / 祖晴,喜剧 / 动画 / 冒险,中国大陆,2015,4549,2015年7月10日,国产
通勤营救 The Commuter,6.7,佐米·希尔拉,连姆·尼森 / 维拉·法米加 / 帕特里克·威尔森,动作 / 犯罪 / 惊悚,美国/英国,2018,4534,2018年3月30日,进口
罗宾汉 Robin Hood,6.7,雷德利·斯科特,罗素·克劳 / 凯特·布兰切特 / 威廉·赫特,动作 / 冒险 / 剧情,美国/英国,2010,4532,2010年6月11日,进口分账
铠甲勇士之雅塔莱斯,5.2,郑国伟,许峰 / 曹曦月 / 曾祥程,剧情 / 动作 / 科幻,中国大陆,2014,4530,2014年10月1日,国产
保持通话 保持通話,6.7,陈木胜,古天乐 / 徐熙媛 / 张家辉,动作,香港/中国大陆,2008,4500,2008年9月27日,国产（合拍）
暴疯语,5.9,李光耀,刘青云 / 黄晓明 / 方中信,悬疑 / 惊悚,中国大陆/香港,2014,4491,2015年4月3日,国产（合拍）
喵星人,4.5,陈木胜,古天乐 / 马丽 / 刘楚恬,儿童 / 喜剧 / 奇幻,香港,2017,4460,2017年07月14日,国产（合拍）
闪电狗 Bolt,7.3,拜伦·霍华德 / Chris Williams,约翰·特拉沃尔塔 / 麦莉·赛勒斯 / 苏茜·伊斯曼,动画 / 冒险 / 喜剧 / 家庭,美国,2008,4460,2008年12月28日,进口特种
声之形 聲の形,6.9,山田尚子,入野自由 / 早见沙织 / 松冈茉优,剧情 / 爱情 / 动画,日本,2016,4451,2017年09月08日,进口
王者之剑 Conan the Barbarian,5.3,马库斯·尼斯佩尔,杰森·莫玛 / 朗·普尔曼 / 罗丝·麦高恩,动作 / 奇幻 / 冒险,美国,2011,4442,2012年2月26日,进口
劫案迷云 Stolen,6.0,西蒙·韦斯特,尼古拉斯·凯奇 / 玛琳·阿克曼 / 乔什·卢卡斯,剧情 / 动作 / 惊悚 / 犯罪,美国,2012,4426,2013年3月1日,进口
HOLD住爱,3.4,张琦,杨幂 / 刘恺威 / 周秀娜,喜剧 / 爱情 / 悬疑,中国大陆,2012,4424,2012年8月23日,国产
白雪公主之魔镜魔镜 Mirror Mirror,5.9,塔西姆·辛,朱莉娅·罗伯茨 / 莉莉·柯林斯 / 艾米·汉莫,剧情 / 喜剧 / 奇幻 / 冒险,美国,2012,4419,2012年6月1日,进口
潜艇总动员5：时光宝盒,4.2,何子力,范楚绒 / 洪海天 / 谢元真,动画 / 冒险,中国大陆,2015,4410,2017年05月28日（复映）；2014年10月31日,国产
我们的十年,5.0,马伟豪 / 刘海,赵丽颖 / 乔任梁 / 吴映洁,剧情 / 爱情,中国大陆,2016,4404,2016年9月2日,国产
赛尔号大电影之寻找凤凰神兽,3.2,刘虹,张杰 / 武艺 / 曾轶可,动画 / 奇幻 / 冒险,中国大陆,2011,4404,2011年7月28日,国产
麦兜我和我妈妈 麥兜‧我和我媽媽,8.3,谢立文 / 李俊民,黄磊 / 吴君如 / 张正中,喜剧 / 动画 / 家庭,香港/中国大陆,2014,4404,2014年10月1日,国产（合拍）
饭局也疯狂,4.9,尚敬,范伟 / 黄渤 / 刘桦,剧情 / 喜剧,中国大陆,2012,4396,2012年1月23日,国产
魔弦传说 Kubo and the Two Strings,7.4,特拉维斯·奈特,查理兹·塞隆 / 马修·麦康纳 / 拉尔夫·费因斯,动画 / 奇幻 / 冒险,美国,2016,4393,2016年1月13日,进口
控制,5.7,毕国智,吴彦祖 / 姚晨 / 任达华,动作 / 科幻 / 犯罪 / 悬疑,香港/中国大陆,2013,4378,2013年11月22日,国产（合拍）
倾城之泪,4.8,黄真真,周冬雨 / 李治廷 / 任贤齐,剧情 / 爱情,中国大陆,2011,4376,2011年12月22日,国产
猪猪侠之勇闯巨人岛,3.8,古志斌 / 陆锦明,陆双 / 祖晴 / 陈志荣,喜剧 / 动画 / 冒险,中国大陆,2014,4365,2014年5月31日,国产
犬之岛 Isle of Dogs,8.4,韦斯·安德森,布莱恩·科兰斯顿 / 爱德华·诺顿 / 科宇·兰金,喜剧 / 动画 / 冒险,美国/德国,2018,4347,2018年4月20日,进口
绣花鞋,4.4,叶伟民,林心如 / 莫小棋 / 叶熙祺,剧情 / 恐怖,中国大陆,2012,4339,2012年3月31日,国产
冰河追凶,5.7,徐伟,梁家辉 / 佟大为 / 周冬雨,动作 / 犯罪 / 悬疑,中国大陆,2016,4320,2016年04月15日,国产
江山美人,4.5,程小东,黎明 / 陈慧琳 / 甄子丹,动作 / 剧情 / 爱情 / 战争,中国大陆/香港,2008,4300,2008年3月7日,国产（合拍）
大耳朵图图之美食狂想曲,6.0,速达,潘延 / 范楚绒 / 胡谦,喜剧 / 动画 / 冒险,中国大陆,2017,4298,2017年07月28日,国产
十月初五的月光,5.4,叶念琛,张智霖 / 陈乔恩 / 佘诗曼,剧情 / 爱情,中国大陆/香港,2015,4261,2015年11月20日,国产（合拍）
新大头儿子和小头爸爸之秘密计划,4.3,何澄,刘纯燕 / 董浩 / 鞠萍,儿童 / 动画 / 家庭,中国大陆,2014,4246,2014年9月26日,国产
冰雪大作战 Snowtime!,6.2,让-弗朗索瓦·波略特 / 弗兰克·布里森,安吉拉·嘉鲁皮 / 玛丽欧·沃尔夫 / 露辛达·戴维斯,喜剧 / 动画 / 家庭,加拿大,2015,4215,2017年04月01日,进口
乐高蝙蝠侠大电影 The LEGO Batman Movie,8.0,克里斯·麦凯,威尔·阿奈特 / 罗莎里奥·道森 / 拉尔夫·费因斯,喜剧 / 动作 / 动画 / 冒险,美国,2017,4211,2017年03月03日,进口分账
真相禁区,4.5,麦咏麟,任达华 / 霍建华 / 张赫,犯罪 / 悬疑,中国大陆,2016,4205,2016年1月22日,国产
宅女侦探桂香,4.1,彭顺,王珞丹 / 周渝民 / 任达华,喜剧 / 爱情 / 悬疑,中国大陆/香港/台湾,2015,4127,2015年8月13日,国产
气喘吁吁,4.0,郑重,葛优 / 约翰·萨维奇 / 林熙蕾,喜剧 / 剧情,中国,2009,4111,2009年8月28日,国产
家有喜事2009,5.4,谷德昭,古天乐 / 吴君如 / 黄百鸣,喜剧,香港,2009,4105,2009年1月22日,国产（合拍）
钢铁飞龙之再见奥特曼,2.5,王巍,侯勇 / 大张伟 / 金晨,动作 / 科幻 / 动画,中国大陆,2017,4071,2017年10月01日,国产
李雷和韩梅梅,3.7,杨永春,张子枫 / 张逸杰 / 成梓宁,剧情 / 喜剧 / 爱情,中国大陆,2017,4057,2016年06月09日,国产
完美陌生人 Perfetti sconosciuti,8.6,保罗·格诺维塞,马可·贾利尼 / 卡夏·斯穆特尼亚克 / 爱德华多·莱奥,剧情 / 喜剧,意大利,2016,4038,2018年5月25日,进口（上映中……）
了不起的菲丽西 Ballerina,6.5,艾瑞克·莎莫 / 艾瑞克·韦林,艾丽·范宁 / 戴恩·德哈恩 / 卡莉·蕾·杰普森,喜剧 / 动画 / 冒险 / 歌舞,法国/加拿大,2016,4031,2017年2月1日,进口
奥林匹斯的陷落 Olympus Has Fallen,6.3,安东尼·福奎阿,杰拉德·巴特勒 / 艾伦·艾克哈特 / 芬利·雅克布森,动作,美国,2013,4025,2013年12月29日,进口
毒。诫 毒。誡,5.0,刘国昌,刘青云 / 林家栋 / 古天乐,剧情 / 动作 / 犯罪,中国大陆/香港,2017,4017,2017年05月12日,国产（合拍）
三个火枪手 The Three Musketeers,6.7,保罗·安德森,马修·麦克费登 / 米拉·乔沃维奇 / 卢克·伊万斯,动作 / 冒险 / 爱情,法国/美国/英国/德国,2011,3986,2012年5月15日,进口
摇滚藏獒,6.8,艾什·布兰农,郭麒麟 / 路知行 / 郭德纲,动画 / 音乐,中国大陆/美国/香港,2016,3968,2016年7月8日,国产
将错就错,3.8,王宁,小沈阳 / 田亮 / 陈小春,喜剧 / 爱情,中国大陆,2015,3954,2015年3月5日,国产
斑马总动员 Khumba,5.7,安东尼·希尔瓦斯顿,杰克·T·奥斯汀 / 史蒂夫·布西密 / 洛雷塔·迪瓦恩,动画 / 冒险 / 家庭,南非,2013,3939,2014年12月31日,进口
卧底巨星,3.7,谷德昭,陈奕迅 / 李荣浩 / 李一桐,喜剧 / 动作,中国大陆/香港,2018,3926,2018年1月12日,国产（合拍）
辛巴达历险记2013,4.9,程炳峰 / 顾培欣 / Benpineko,杨鸥 / 黄莺 / 杨梦露,动画 / 冒险,中国大陆,2013,3912,2013年5月31日,国产
水啸雾都 Flood,5.4,托尼·米歇尔,罗伯特·卡莱尔 / 杰萨琳·吉尔西格 / 汤姆·康特奈,动作 / 灾难,英国/南非/加拿大,2007,3900,2008年9月14日,进口分账
雪花秘扇 Snow Flower and the Secret Fan,5.6,王颖,李冰冰 / 全智贤 / 姜武,剧情 / 历史,中国大陆/美国,2011,3899,2011年6月24日,国产（合拍）
杨门女将之军令如山,3.4,陈勋奇,张柏芝 / 任贤齐 / 刘晓庆,剧情 / 动作 / 古装,中国大陆/香港,2011,3897,2011年11月18日,国产
鲨海 47 Meters Down,5.9,约翰内斯·罗伯茨,曼迪·摩尔 / 克莱尔·霍尔特 / 克里斯·J.约翰逊,惊悚 / 冒险,英国/美国/多米尼加,2016,3870,2017年12月8日,进口
72家租客,6.7,曾志伟 / 叶念琛 / 钟澍佳,张学友 / 曾志伟 / 袁咏仪,喜剧,香港,2010,3863,2010年2月11日,国产（合拍）
美丽密令,5.4,王晶,蔡卓妍 / 吴君如 / 陆毅,喜剧,香港/中国大陆,2010,3835,2010年3月30日,国产（合拍）
巴啦啦小魔仙之魔箭公主,4.7,陈诚,赵粤 / 戴萌 / 赵今麦,奇幻 / 冒险,中国大陆,2015,3831,2015年10月1日,国产
大武当之天地密码,3.8,梁柏坚,赵文卓 / 杨幂 / 樊少皇,喜剧 / 动作 / 冒险,中国大陆/香港,2012,3807,2012年7月6日,国产
神奇海盗团 The Pirates! In an Adventure with Scientists!,6.9,彼得·洛伊德 / 杰夫·纽威特,休·格兰特 / 萨尔玛·海耶克 / 大卫·田纳特,喜剧 / 动画 / 家庭 / 冒险,英国/美国,2012,3800,2012年6月1日,进口
战神纪,3.8,哈斯朝鲁,陈伟霆 / 林允 / 胡军,奇幻 / 冒险,中国大陆,2018,3798,2018年4月28日,国产
圣斗士星矢：圣域传说 聖闘士星矢 Legend of Sanctuary,6.3,佐藤敬一,石川界人 / 赤羽根健治 / 小野贤章,动画,日本,2014,3785,2016年2月26日,进口
魔侠传之唐吉可德,4.3,阿甘,郭涛 / 林嘉欣 / 王刚,剧情 / 喜剧 / 动作 / 爱情 / 武侠 / 古装,中国大陆,2010,3775,2010年10月15日,国产
垫底辣妹 ビリギャル,8.1,土井裕泰,有村架纯 / 伊藤淳史 / 吉田羊,剧情 / 家庭,日本,2015,3758,2016年04月14日,进口
我最好朋友的婚礼,4.3,陈飞宏,舒淇 / 冯绍峰 / 宋茜,喜剧 / 爱情,中国大陆/美国,2016,3744,2016年8月5日,国产（合拍）
人在囧途,7.5,叶伟民,徐峥 / 王宝强 / 李曼,喜剧,中国大陆,2010,3739,2010年6月4日,国产
至暗时刻 Darkest Hour,8.6,乔·赖特,加里·奥德曼 / 克里斯汀·斯科特·托马斯 / 莉莉·詹姆斯,剧情 / 传记 / 历史,英国/美国,2017,3732,2017年12月1日,进口分账
神探驾到 浮華宴,4.4,黄百鸣 / 邱礼涛,古天乐 / 张翰 / 曾志伟,喜剧 / 爱情 / 悬疑 / 奇幻,香港/中国大陆,2015,3732,2015年2月6日,国产（合拍）
甜蜜杀机 甜蜜殺機,6.0,连奕琦,苏有朋 / 林依晨 / 吴中天,喜剧 / 爱情 / 犯罪,台湾,2014,3723,2014年3月7日,进口
妈妈咪鸭,7.1,赵锐 / 克里斯托弗·詹金斯,赵路 / 武皓栋 / 殷筱瑜,喜剧 / 动画 / 冒险 / 家庭,中国大陆/美国,2018,3715,2018年3月9日,国产
坚不可摧 Unbroken,6.8,安吉丽娜·朱莉,杰克·奥康奈尔 / 多姆纳尔·格里森 / 加内特·赫德兰,剧情 / 传记 / 战争 / 运动,美国,2014,3695,2015年1月30日,进口分账
绝命航班 Last Flight,3.4,周文武贝,爱德·维斯特维克 / 朱珠 / 艾米丽·桑斯芮,动作 / 惊悚 / 灾难,中国大陆,2014,3679,2014年3月21日,国产
女巫季节 Season of the Witch,5.5,多米尼克·塞纳,尼古拉斯·凯奇 / 朗·普尔曼 / 斯蒂芬·坎贝尔·莫尔,动作 / 奇幻 / 冒险,美国,2011,3674,2011年8月19日,进口
驱魔者 Priest,5.9,斯科特·查尔斯·斯图瓦特,保罗·贝坦尼 / 凯姆·吉甘戴 / 李美琪,动作 / 科幻 / 惊悚 / 恐怖,美国,2011,3672,2011年11月29日,进口
不能说的秘密 不能說的·祕密,7.6,周杰伦,周杰伦 / 桂纶镁 / 黄秋生,剧情 / 奇幻 / 音乐 / 爱情,香港/台湾,2007,3670,2007年7月31日,国产（合拍）
有完没完,5.4,王啸坤,范伟 / 贾静雯 / 刘俊昊,剧情 / 喜剧,中国大陆,2017,3670,2017年04月01日,国产
人狼大战 The Grey,6.5,乔·卡纳汉,连姆·尼森 / 达拉斯·罗伯特斯 / 弗兰克·格里罗,剧情 / 动作 / 惊悚 / 冒险,美国,2012,3668,2012年5月18日,进口
我是你妈,5.1,张骁,闫妮 / 邹元清 / 吴若甫,剧情 / 喜剧,中国大陆,2018,3663,2018年5月11日,国产（上映中……）
那件疯狂的小事叫爱情,3.9,邹佡,陈伟霆 / 唐艺昕 / 郑秀妍,喜剧 / 爱情,中国大陆,2016,3657,2016年8月12日,国产
史努比：花生大电影 The Peanuts Movie,7.3,史蒂夫·马蒂诺,诺亚·施纳普 / 比尔·莫伦茨 / 弗朗西斯卡·卡帕尔迪,喜剧 / 动画 / 冒险,美国,2015,3648,2015年11月6日,进口分账
天亮之前,5.7,吴中天,郭富城 / 杨子姗 / 郝蕾,爱情,中国大陆/香港/台湾,2016,3635,2016年7月22日,国产（合拍）
抢劫坚果店 The Nut Job,6.3,彼得·莱佩尼奥蒂斯,威尔·阿奈特 / 布兰登·费舍 / 连姆·尼森,喜剧 / 动画 / 冒险,加拿大/韩国/美国,2014,3629,2014年12月26日,进口
冲天火,3.6,林岭东,吴彦祖 / 张若昀 / 张静初,动作 / 悬疑,中国大陆,2016,3614,2016年11月25日,国产
我的战争,4.9,彭顺,刘烨 / 王珞丹 / 杨祐宁,剧情 / 历史 / 战争,中国大陆,2016,3605,2016年9月15日,国产
云水谣,6.9,尹力,陈坤 / 徐若瑄 / 李冰冰,剧情 / 爱情 / 战争,中国大陆/台湾,2006,3600,2006年12月1日,国产（合拍）
第一次,6.1,韩延,杨颖 / 赵又廷 / 江珊,爱情,中国大陆,2012,3583,2012年6月8日,国产（合拍）
幻体：续命游戏 Self/less,6.4,塔西姆·辛,瑞恩·雷诺兹 / 本·金斯利 / 马修·古迪,科幻 / 悬疑 / 惊悚,美国,2015,3561,2016年5月12日,进口
笔仙惊魂3,3.2,关尔,余心恬 / 郭艳 / 郭鑫,悬疑 / 惊悚 / 恐怖,中国大陆,2014,3541,2014年4月4日,国产
末日迷踪 Left Behind,4.2,维克·阿姆斯特朗,尼古拉斯·凯奇 / 查德·迈克尔·墨瑞 / 卡西·汤普森,动作 / 科幻 / 惊悚,美国/加拿大,2014,3539,2016年2月26日,进口
通灵神探 Solace,6.3,阿方索·博亚尔特,安东尼·霍普金斯 / 科林·法瑞尔 / 杰弗里·迪恩·摩根,科幻 / 犯罪 / 悬疑 / 惊悚,美国,2015,3536,2016年1月14日,进口
冰雪女皇之冬日魔咒 Снежная королева 2: Перезаморозка,5.1,阿列克谢·特斯蒂斯林,伊莎贝拉·弗尔曼 / 沙尔托·科普雷 / 肖恩·宾,动画 / 家庭,俄罗斯,2014,3534,2016年12月31日,进口
蒸发太平洋 Lost in the Pacific,3.4,周文武贝,布兰登·罗斯 / 张雨绮 / 王盛德,剧情 / 科幻 / 冒险,中国大陆/美国,2016,3508,2016年1月29日,国产
开心超人,7.3,黄伟明,邓玉婷 / 祖晴 / 高全胜,动画 / 冒险,中国大陆,2013,3505,2013年6月28日,国产
爱情呼叫转移Ⅱ：爱情左右,5.2,张建亚,林嘉欣 / 邓超 / 黄渤,喜剧 / 爱情,中国,2008,3500,2008年11月26日,国产
龙骑士 Eragon,5.6,斯蒂芬·范米尔,爱德华·斯皮伊尔斯 / 杰瑞米·艾恩斯 / 西耶娜·盖尔利,动作 / 冒险 / 家庭 / 奇幻,美国/英国/匈牙利,2006,3500,2007年4月5日,进口分账
忍者神龟 TMNT,6.3,Kevin Munroe,诺兰·诺斯 / 詹姆斯·阿诺德·泰勒 / 米歇尔·维特菲尔德,动画 / 动作 / 冒险 / 喜剧 / 剧情 / 家庭 / 奇幻,香港/美国,2007,3500,2007年5月18日,进口分账
脱单告急,5.7,柯孟融,董子健 / 钟楚曦 / 春夏,喜剧 / 爱情,中国大陆,2018,3499,2015年4月20日,国产
低压槽：欲望之城 低壓槽,4.7,张家辉,张家辉 / 徐静蕾 / 何炅,剧情 / 动作 / 犯罪 / 悬疑,中国大陆/香港,2018,3485,2018年4月28日,国产（合拍）
太空一号 Lockout,6.1,詹姆斯·马瑟 / 斯蒂芬·圣·莱杰,盖·皮尔斯 / 玛姬·格蕾斯 / 彼得·斯特曼,动作 / 科幻 / 惊悚,美国/法国,2012,3479,2012年8月7日,进口
史前怪兽 Legendary,3.0,埃里克·斯泰尔斯,杜夫·龙格尔 / 斯科特·阿金斯 / 黄奕,动作 / 惊悚 / 冒险,英国/中国大陆,2013,3477,2013年12月31日,国产（合拍）
那年夏天你去了哪里,4.8,周隼,宋佳 / 林家栋 / 颜卓灵,悬疑,中国大陆/香港,2016,3467,2016年12月30日,国产（合拍）
年兽大作战,5.7,张扬,雷佳音 / 周冬雨 / 陈赫,喜剧 / 动画 / 奇幻,中国大陆,2016,3452,2016年2月8日,国产
我的新野蛮女友 엽기적인 그녀 2,3.4,赵根植,宋茜 / 车太贤 / 藤井美菜,喜剧 / 爱情,韩国/中国大陆,2016,3419,2016年4月22日,国产（合拍）
夜孔雀,4.7,戴思杰,刘亦菲 / 刘烨 / 余少群,剧情 / 爱情,中国大陆/法国,2015,3315,2016年5月20日,国产（合拍）
黑白迷宫,4.7,阚家伟,任达华 / 陈小春 / 伍允龙,剧情 / 动作 / 犯罪,中国大陆/香港,2017,3312,2017年08月31日,国产（合拍）
全城通缉,4.5,汪涛,刘烨 / 赵文卓 / 秋瓷炫,剧情 / 悬疑,中国大陆,2014,3305,2014年11月6日,国产
大唐玄奘,5.2,霍建起,黄晓明 / 徐峥 / 蒲巴甲,历史,中国大陆,2016,3303,2016年04月29日,国产
重返·狼群,8.3,亦风,李微漪,纪录片,中国大陆,2017,3296,2017年06月16日,国产
天河,4.5,宁海强 / 沈东,李幼斌 / 俞飞鸿 / 段奕宏,剧情,中国大陆,2014,3280,2014年11月15日,国产
勇士,5.4,宁海强,李东学 / 于小伟 / 聂远,动作 / 历史 / 战争,中国大陆,2016,3270,2016年10月14日,国产
英雄本色,8.7,吴宇森,周润发 / 狄龙 / 张国荣,动作 / 犯罪,香港,1986,3259,2017年11月17日,进口
麻烦家族,4.5,黄磊,黄磊 / 海清 / 王迅,喜剧 / 家庭,中国大陆,2017,3228,2017年05月11日,国产
山河故人,7.8,贾樟柯,赵涛 / 张译 / 梁景东,剧情 / 家庭,中国大陆/法国/日本,2015,3220,2015年10月30日,国产
寻龙夺宝 The Dragon Pearl,3.7,马里奥·安德鲁西奥,山姆·尼尔 / 陈小春 / 王姬,动作 / 奇幻 / 冒险 / 家庭,澳大利亚,2011,3212,2011年3月11日,国产（合拍）
新步步惊心,4.1,宋迪,陈意涵 / 窦骁 / 杨祐宁,爱情 / 奇幻 / 古装,中国大陆,2015,3211,2015年8月7日,国产
王牌,4.6,范建浍,林志玲 / 梁家辉 / 钟欣潼,剧情 / 悬疑,中国大陆,2014,3216,2014年12月31日,国产
蜂鸟特攻 Hummingbird,6.2,斯蒂文·奈特,杰森·斯坦森 / 阿加塔·布泽克 / 薇琪·麦克卢尔,剧情 / 动作 / 犯罪 / 惊悚,英国/美国,2013,3190,2014年5月9日,进口
玩偶奇兵,5.7,申宇 / 黄燕,严丽祯 / 李晔 / 王衡,动画 / 奇幻 / 冒险,中国大陆,2017,3169,2017年08月04日,国产
玩命追踪 Blitz,6.1,艾略特·莱斯特,杰森·斯坦森 / 帕迪·康斯戴恩 / 艾丹·吉伦,动作 / 犯罪 / 惊悚,英国/法国/美国,2011,3156,2012年3月16日,进口
赛尔号大电影2之雷伊与迈尔斯,4.0,王章俊 / 付杰,武艺 / 张杰 / 曾轶可,动画 / 奇幻 / 冒险,中国大陆,2012,3117,2012年6月28日,国产
名侦探柯南：纯黑的恶梦 名探偵コナン 純黒の悪夢,6.3,静野孔文,高山南 / 山崎和佳奈 / 小山力也,动画 / 悬疑,日本,2016,3112,2016年11月25日,进口
火海凌云 Экипаж,7.7,尼古拉·列别捷夫,丹尼拉·科兹洛夫斯基 / 弗拉基米尔·马什科夫 / 阿格尼·格鲁迪特,剧情 / 动作 / 冒险 / 灾难,俄罗斯,2016,3078,2016年8月19日,进口分账
阿唐奇遇,7.2,王微,石磊 / 原泽宇 / 季冠霖,动画 / 奇幻 / 冒险,中国大陆,2017,3039,2017年07月21日,国产
圣诞大赢家,4.0,毛呆,宝木中阳 / 阿杰 / 小连杀,喜剧 / 动画,中国大陆,2015,3034,2015年12月12日,国产
青禾男高,4.0,蒋卓原,景甜 / 欧豪 / 黑木美沙,剧情,中国大陆/台湾,2017,3031,2017年07月12日,国产
间谍同盟 Allied,7.0,罗伯特·泽米吉斯,布拉德·皮特 / 玛丽昂·歌迪亚 / 马修·古迪,剧情 / 动作 / 爱情 / 战争,美国/英国,2016,3030,2016年11月30日,进口分账
刑警兄弟 神獸巴打,5.2,戚家基,黄宗泽 / 金刚 / 曾志伟,喜剧 / 动作,香港/中国大陆,2016,3024,2016年04月22日,国产（合拍）
夜莺 Le Promeneur d&#39;Oiseau,6.4,费利普·弥勒,李保田 / 杨心仪 / 李小冉,剧情 / 家庭,中国大陆/法国,2013,3022,2014年10月31日,国产
奇葩朵朵,4.4,李欣 / 李洋,张若昀 / 马思纯 / 李现,喜剧 / 爱情,中国大陆,2018,3020,2018年4月4日,国产
土豪520,3.7,林爱华,吴镇宇 / 姚星彤 / 马天宇,喜剧 / 爱情,中国大陆,2015,3013,2015年05月21日,国产